customer_id,customer_name,age,gender,division,district,education,employment_type,monthly_income_bdt,account_type,account_balance_bdt,credit_score,loan_type,loan_amount_bdt,loan_tenure_months,interest_rate_pct,monthly_installment_bdt,previous_loans,previous_default,transaction_frequency_monthly,default
DB00001,Karim Hasan,29,Male,Dhaka,Narayanganj,HSC,Government,64600,Savings,548800,658,Business,1251000,60,9.8,22890,4,No,25,0
DB00002,Sohel Khan,46,Male,Rangpur,Kurigram,Graduate,Government,37600,Salary,115400,644,Personal,295000,240,8.48,1330,0,No,20,0
DB00003,Jannat Chowdhury,35,Female,Chattogram,Chattogram,Graduate,Salaried,42400,Salary,418900,698,Auto,1894000,120,11.16,17540,3,No,23,1
DB00004,Mizan Islam,33,Male,Dhaka,Faridpur,HSC,Business,98000,Savings,388000,697,Personal,366000,60,9.04,6650,1,No,28,0
DB00005,Tania Ahmed,23,Male,Barishal,Barishal,Graduate,Other,32000,Savings,222100,756,Personal,299000,84,10.35,3930,1,No,28,0
DB00006,Fahim Ahmed,47,Female,Dhaka,Tangail,HSC,Salaried,65200,Savings,436400,666,Business,1325000,48,8.47,29940,0,No,19,0
DB00007,Fahim Khan,31,Female,Rangpur,Dinajpur,Graduate,Salaried,57600,Savings,184400,693,Personal,665000,84,9.01,8630,1,No,20,0
DB00008,Karim Ahmed,35,Male,Khulna,Bagerhat,HSC,Business,51400,Salary,331800,765,Personal,806000,60,11.54,14980,1,No,15,0
DB00009,Imran Khan,57,Male,Rajshahi,Bogura,Graduate,Salaried,18400,Savings,169500,666,Home,4311000,36,8.41,129820,0,No,21,0
DB00010,Jannat Ahmed,46,Female,Khulna,Jashore,Masters,Business,46700,Savings,120300,683,Personal,763000,24,8.66,34540,1,No,16,0
DB00011,Sumaiya Khan,31,Male,Rangpur,Dinajpur,Graduate,Salaried,35500,Salary,423000,710,Personal,847000,120,12.93,7970,1,Yes,18,1
DB00012,Mehedi Khan,37,Male,Dhaka,Gazipur,Graduate,Business,87600,Salary,939100,690,Auto,708000,24,10.39,32570,0,No,22,0
DB00013,Arif Hasan,32,Female,Chattogram,Noakhali,SSC,Government,71300,Savings,701400,670,Personal,423000,36,8.63,12760,4,No,24,0
DB00014,Tania Sultana,31,Female,Dhaka,Faridpur,Masters,Self-employed,135900,Savings,1226100,768,Auto,586000,60,13.08,11040,1,No,23,0
DB00015,Sadia Ahmed,45,Female,Barishal,Patuakhali,Graduate,Business,48600,Savings,514900,673,Auto,731000,48,12.1,17070,0,No,20,1
DB00016,Mehedi Hossain,42,Male,Mymensingh,Sherpur,Graduate,Self-employed,24600,Salary,282900,687,Business,1096000,36,8.14,32920,2,Yes,8,1
DB00017,Tanvir Rahman,32,Male,Barishal,Pirojpur,Graduate,Business,155300,Savings,1397700,593,Auto,517000,48,10.07,11860,4,No,22,0
DB00018,Sakib Sultana,29,Male,Dhaka,Gazipur,Masters,Business,57300,Current,130600,655,Personal,425000,48,11.56,9880,4,No,11,0
DB00019,Sumaiya Hossain,26,Male,Chattogram,Cumilla,Graduate,Business,67200,Savings,789700,740,Business,2175000,36,11.28,67230,3,No,23,1
DB00020,Hasan Hossain,33,Male,Rangpur,Kurigram,Graduate,Self-employed,22700,Savings,110500,670,Auto,737000,120,10.38,6780,1,Yes,14,1
DB00021,Mariya Hossain,43,Female,Chattogram,Feni,Graduate,Self-employed,29800,Savings,263200,714,Personal,445000,24,12.04,20770,1,No,14,0
DB00022,Arif Hasan,41,Male,Rangpur,Kurigram,Graduate,Self-employed,49000,Current,490700,660,Personal,275000,36,9.55,8370,1,No,15,0
DB00023,Rahim Chowdhury,38,Male,Rangpur,Rangpur,Graduate,Business,55500,Salary,523900,717,Personal,185000,60,7.77,3320,3,No,11,0
DB00024,Tania Sultana,41,Female,Dhaka,Gazipur,Graduate,Government,46100,Salary,289800,667,Home,1685000,12,10.12,154630,2,No,20,1
DB00025,Mehedi Akter,44,Male,Rajshahi,Bogura,SSC,Salaried,50700,Salary,367700,703,Business,1335000,120,9.53,12190,3,No,14,0
DB00026,Rahim Akter,36,Male,Dhaka,Dhaka,Masters,Salaried,116800,Current,399200,683,Personal,259000,24,9.39,11810,1,No,17,0
DB00027,Hasan Khan,31,Male,Dhaka,Tangail,Graduate,Other,39700,Savings,140400,725,Personal,342000,36,11.41,10580,3,No,22,0
DB00028,Tanvir Ahmed,22,Male,Chattogram,Cumilla,HSC,Business,111600,Current,477100,609,Auto,861000,60,12.84,16190,3,No,12,0
DB00029,Ayesha Rahman,44,Female,Khulna,Kushtia,SSC,Other,32000,Savings,126200,790,Business,463000,60,9.55,8450,1,No,23,0
DB00030,Hasan Ahmed,31,Female,Rajshahi,Rajshahi,Graduate,Government,88200,Savings,696100,727,Auto,862000,36,9.69,26260,1,No,18,0
DB00031,Jahid Rahman,45,Male,Dhaka,Dhaka,SSC,Self-employed,17900,Savings,62700,746,Personal,717000,60,10.78,13240,0,No,14,1
DB00032,Jahid Ahmed,28,Male,Khulna,Jashore,Graduate,Other,61800,Savings,510100,686,Education,259000,24,9.5,11820,3,No,22,0
DB00033,Jannat Hossain,32,Female,Khulna,Bagerhat,Graduate,Government,53700,Savings,490600,628,Auto,849000,36,8.34,25550,2,No,16,0
DB00034,Nusrat Khan,32,Female,Sylhet,Sunamganj,HSC,Self-employed,66400,Savings,346600,629,Auto,435000,180,10.81,2680,4,No,16,0
DB00035,Hossain Hossain,25,Male,Barishal,Jhalokathi,Masters,Government,65700,Salary,349500,595,Personal,975000,60,10.82,18010,2,No,16,0
DB00036,Hasan Chowdhury,39,Male,Dhaka,Tangail,SSC,Other,33100,Salary,299700,736,Business,512000,120,8.13,4610,1,No,27,0
DB00037,Mariya Chowdhury,35,Male,Dhaka,Narayanganj,Masters,Business,51100,Savings,159900,725,Personal,394000,60,7.63,7070,0,No,19,0
DB00038,Jahid Akter,48,Female,Sylhet,Sunamganj,SSC,Salaried,34800,Savings,122900,577,Personal,520000,60,9.96,9530,2,No,17,1
DB00039,Mizan Akter,50,Female,Rajshahi,Rajshahi,Graduate,Business,24100,Savings,262400,603,Personal,353000,120,11.26,3270,1,Yes,16,0
DB00040,Nusrat Hossain,40,Male,Khulna,Bagerhat,Graduate,Other,31100,Savings,272700,702,Home,854000,84,12.55,11440,2,Yes,19,1
DB00041,Sadia Rahman,25,Male,Mymensingh,Sherpur,Graduate,Salaried,54800,Salary,378500,713,Business,1088000,24,8.42,49150,2,No,20,0
DB00042,Sakib Rahman,28,Male,Mymensingh,Netrokona,SSC,Government,35600,Salary,371600,751,Personal,539000,120,11.92,5030,1,No,17,0
DB00043,Hasan Hasan,39,Female,Dhaka,Faridpur,Graduate,Business,66700,Savings,204000,711,Personal,691000,240,9.95,3170,0,No,18,0
DB00044,Sumaiya Chowdhury,38,Male,Rajshahi,Natore,Graduate,Business,193400,Current,505600,713,Personal,679000,60,8.43,12270,2,No,20,0
DB00045,Hossain Hossain,33,Male,Mymensingh,Sherpur,Masters,Business,56300,Salary,135600,694,Personal,534000,24,10.85,24660,3,No,21,0
DB00046,Nayeem Hossain,33,Male,Dhaka,Narayanganj,Graduate,Salaried,58300,Salary,665300,700,Home,1533000,60,9.46,27970,0,No,18,0
DB00047,Karim Khan,37,Male,Dhaka,Tangail,HSC,Self-employed,36600,Savings,293800,636,Personal,446000,48,11.16,10330,4,No,31,0
DB00048,Imran Hasan,23,Male,Dhaka,Dhaka,HSC,Government,30700,Current,356300,656,Personal,499000,36,13.29,15700,4,No,25,1
DB00049,Hasan Ahmed,41,Male,Mymensingh,Sherpur,Graduate,Self-employed,35500,Savings,258600,663,Business,1201000,36,12.05,37380,2,No,12,1
DB00050,Tania Hasan,28,Male,Dhaka,Dhaka,Graduate,Salaried,81000,Savings,243900,614,Personal,278000,36,11.43,8600,4,No,17,0
DB00051,Rahim Sultana,37,Female,Rajshahi,Bogura,Graduate,Self-employed,45800,Salary,265300,707,Home,1717000,180,8.88,10390,0,No,17,0
DB00052,Nusrat Hasan,39,Male,Rajshahi,Naogaon,Graduate,Salaried,59300,Salary,356300,781,Business,1971000,180,11.12,12170,2,No,19,0
DB00053,Shakil Rahman,40,Female,Mymensingh,Netrokona,Graduate,Business,58600,Savings,591000,717,Personal,500000,84,10.65,6590,0,No,20,0
DB00054,Tanvir Rahman,41,Male,Dhaka,Dhaka,Graduate,Self-employed,69400,Salary,145500,637,Home,2393000,60,7,42680,3,No,15,1
DB00055,Sadia Khan,32,Male,Dhaka,Dhaka,Graduate,Other,125400,Savings,1027000,738,Business,645000,36,11.92,20050,3,No,18,0
DB00056,Imran Chowdhury,28,Male,Khulna,Kushtia,Graduate,Salaried,66400,Savings,752600,649,Personal,511000,48,11.21,11840,2,No,18,0
DB00057,Jannat Akter,38,Male,Sylhet,Sunamganj,Masters,Business,33500,Current,217100,622,Home,4433000,60,13.71,84010,1,No,17,1
DB00058,Rahim Akter,36,Male,Dhaka,Dhaka,HSC,Government,51100,Savings,341600,636,Home,3341000,36,11.55,103520,3,No,16,1
DB00059,Rahim Sultana,58,Female,Dhaka,Faridpur,HSC,Business,59400,Savings,409100,697,Business,838000,36,9.5,25490,3,No,15,0
DB00060,Nusrat Akter,30,Male,Barishal,Barishal,Graduate,Self-employed,16800,Savings,169000,675,Home,2941000,60,8.74,53300,0,No,22,1
DB00061,Sakib Ahmed,33,Male,Mymensingh,Mymensingh,Graduate,Self-employed,22900,Current,113300,706,Personal,724000,24,13.46,34230,0,Yes,19,1
DB00062,Mim Hasan,45,Male,Dhaka,Narayanganj,Masters,Government,56100,Current,293300,739,Auto,911000,36,11.23,28150,4,No,21,0
DB00063,Rafi Sultana,32,Male,Chattogram,Feni,HSC,Government,91100,Salary,960000,640,Home,1253000,12,13.81,118840,0,No,17,0
DB00064,Rahim Ahmed,41,Female,Dhaka,Dhaka,Graduate,Government,39300,Savings,433900,703,Home,2635000,24,11.63,122560,1,No,20,1
DB00065,Imran Rahman,23,Female,Khulna,Kushtia,SSC,Other,35500,Current,249500,578,Personal,476000,36,9.53,14480,0,No,16,0
DB00066,Mariya Rahman,47,Male,Dhaka,Tangail,Graduate,Business,59000,Savings,348400,692,Business,645000,180,9.64,3930,2,No,18,0
DB00067,Sohel Khan,30,Male,Dhaka,Narayanganj,SSC,Other,81400,Current,471800,723,Business,3337000,60,10.22,61300,1,No,15,0
DB00068,Hossain Chowdhury,29,Male,Rangpur,Kurigram,Graduate,Business,62700,Savings,305100,734,Personal,419000,48,9.17,9530,1,No,18,0
DB00069,Ayesha Hossain,47,Female,Dhaka,Tangail,Graduate,Business,55600,Current,626800,604,Personal,500000,48,9.72,11430,0,No,13,0
DB00070,Tanvir Islam,31,Female,Chattogram,Cumilla,SSC,Salaried,30200,Savings,119500,652,Personal,705000,24,8.14,31770,2,Yes,21,1
DB00071,Karim Hasan,24,Male,Barishal,Pirojpur,Graduate,Salaried,36900,Salary,132300,602,Home,2587000,120,9.79,23670,2,No,14,1
DB00072,Sohel Ahmed,28,Male,Dhaka,Tangail,Graduate,Salaried,88800,Savings,401100,693,Education,253000,180,12.54,1580,2,No,25,0
DB00073,Shakil Sultana,40,Female,Mymensingh,Sherpur,Graduate,Business,94500,Salary,1083700,602,Home,2806000,36,10.5,86130,1,No,21,0
DB00074,Tanvir Khan,38,Female,Dhaka,Tangail,Masters,Self-employed,48400,Savings,479100,666,Auto,791000,24,13.7,37470,3,No,20,0
DB00075,Tanvir Hossain,42,Male,Dhaka,Faridpur,HSC,Salaried,53000,Savings,619400,702,Personal,774000,240,10.8,3570,0,Yes,22,0
DB00076,Jahid Rahman,36,Female,Rangpur,Kurigram,HSC,Business,49500,Savings,428200,634,Personal,439000,180,8.37,2640,5,No,19,0
DB00077,Sumaiya Sultana,40,Male,Barishal,Barishal,Graduate,Salaried,41300,Savings,353900,670,Auto,495000,48,9.04,11240,0,No,12,0
DB00078,Sohel Hasan,32,Male,Rangpur,Rangpur,HSC,Business,83300,Current,740000,716,Home,2561000,36,11.94,79630,4,No,23,0
DB00079,Jannat Hasan,39,Male,Dhaka,Gazipur,Graduate,Salaried,83000,Savings,535600,696,Business,1537000,180,9.81,9380,3,No,23,0
DB00080,Mizan Hasan,30,Female,Rajshahi,Bogura,Graduate,Salaried,214800,Savings,1172600,793,Home,4121000,240,8.41,18610,3,No,16,0
DB00081,Arif Sultana,21,Male,Mymensingh,Sherpur,HSC,Salaried,72300,Savings,444200,632,Auto,721000,60,9.54,13160,1,No,24,0
DB00082,Sohel Hasan,37,Female,Rajshahi,Pabna,Graduate,Other,58200,Savings,314400,701,Personal,430000,240,10.06,1970,2,No,23,0
DB00083,Tanvir Khan,25,Female,Rajshahi,Pabna,Masters,Salaried,32900,Savings,327000,630,Home,3077000,180,10.4,18870,4,No,17,1
DB00084,Sohel Akter,49,Male,Barishal,Pirojpur,Masters,Self-employed,79600,Savings,240800,611,Home,1154000,60,8.97,20960,1,No,19,0
DB00085,Jannat Islam,37,Female,Rajshahi,Naogaon,SSC,Business,76800,Savings,518500,583,Personal,376000,60,10.67,6940,3,No,14,0
DB00086,Sohel Islam,52,Female,Chattogram,Noakhali,HSC,Salaried,50800,Savings,370700,749,Education,482000,36,9.95,14720,2,No,20,1
DB00087,Ayesha Hasan,35,Male,Chattogram,Cumilla,Graduate,Government,143000,Savings,1484600,744,Personal,265000,36,10.27,8120,2,No,21,0
DB00088,Nusrat Rahman,27,Female,Dhaka,Gazipur,Graduate,Government,64100,Savings,651700,692,Auto,377000,48,11.8,8780,1,No,14,0
DB00089,Fahim Ahmed,33,Female,Chattogram,Feni,Graduate,Business,45500,Savings,475200,709,Auto,562000,36,8.93,17010,2,No,23,0
DB00090,Jannat Sultana,44,Female,Chattogram,Chattogram,Graduate,Salaried,37800,Salary,141300,584,Personal,642000,120,9.53,5860,2,No,26,0
DB00091,Mehedi Akter,38,Male,Barishal,Jhalokathi,HSC,Other,45600,Current,264100,759,Education,460000,60,9.8,8420,1,No,22,0
DB00092,Ayesha Ahmed,40,Male,Sylhet,Habiganj,Graduate,Salaried,23400,Savings,146400,670,Business,875000,36,11.53,27110,1,No,20,1
DB00093,Tanvir Akter,25,Female,Dhaka,Narayanganj,Graduate,Salaried,87900,Salary,566900,627,Home,1410000,240,10.11,6470,4,No,19,0
DB00094,Mehedi Sultana,34,Male,Barishal,Bhola,Graduate,Self-employed,58100,Savings,537500,696,Home,2223000,180,11.86,13810,1,No,24,1
DB00095,Fahim Hasan,37,Male,Rajshahi,Rajshahi,Graduate,Self-employed,69600,Salary,205800,781,Education,374000,48,9.65,8540,6,No,24,0
DB00096,Jahid Sultana,35,Male,Dhaka,Faridpur,Graduate,Self-employed,76100,Salary,776500,703,Personal,323000,48,11.81,7520,1,No,19,0
DB00097,Sadia Hossain,30,Male,Dhaka,Narayanganj,Masters,Government,49300,Salary,402400,786,Home,2848000,180,9.69,17360,3,No,15,0
DB00098,Jannat Sultana,38,Female,Rajshahi,Pabna,Masters,Self-employed,55500,Salary,242900,688,Personal,229000,12,12.9,21550,3,No,22,0
DB00099,Hasan Hasan,39,Male,Khulna,Jashore,SSC,Government,68400,Savings,656500,798,Personal,368000,48,10.26,8450,1,No,23,0
DB00100,Ayesha Chowdhury,46,Male,Rajshahi,Naogaon,HSC,Business,43500,Salary,292700,685,Business,987000,84,11.44,13090,2,No,22,0
DB00101,Sumaiya Sultana,50,Male,Sylhet,Sunamganj,Graduate,Government,50300,Savings,129500,696,Auto,656000,240,11.04,3040,3,No,13,1
DB00102,Mariya Ahmed,43,Male,Rangpur,Rangpur,Graduate,Business,30100,Savings,100100,713,Home,2432000,36,8.76,73470,1,No,10,1
DB00103,Jannat Khan,26,Male,Barishal,Jhalokathi,Graduate,Government,86600,Salary,340300,659,Auto,573000,36,10.53,17590,2,No,20,0
DB00104,Sohel Hossain,42,Male,Chattogram,Chattogram,HSC,Government,33400,Salary,262000,641,Home,2460000,24,9.29,112020,2,No,23,1
DB00105,Sohel Islam,39,Female,Khulna,Satkhira,Graduate,Salaried,26200,Salary,91500,595,Home,4087000,120,10.75,37720,4,No,24,0
DB00106,Jannat Islam,30,Male,Mymensingh,Netrokona,Masters,Salaried,40200,Salary,259600,695,Home,2630000,24,13.39,124260,5,No,13,1
DB00107,Tania Rahman,29,Male,Mymensingh,Jamalpur,Masters,Salaried,25300,Current,88500,708,Personal,439000,36,12.12,13670,3,No,13,0
DB00108,Mariya Rahman,43,Male,Sylhet,Moulvibazar,HSC,Salaried,47600,Current,371600,756,Personal,598000,60,11.5,11110,1,No,17,0
DB00109,Imran Hasan,22,Female,Dhaka,Narayanganj,HSC,Salaried,39200,Savings,441300,661,Business,1587000,24,8.27,71590,4,No,26,1
DB00110,Arif Khan,64,Male,Chattogram,Feni,Graduate,Salaried,70200,Salary,627500,735,Personal,477000,24,13.86,22630,3,No,15,0
DB00111,Rafi Khan,46,Male,Khulna,Bagerhat,Masters,Self-employed,40900,Salary,406000,708,Personal,357000,84,8.92,4630,2,No,17,0
DB00112,Sadia Chowdhury,29,Male,Sylhet,Habiganj,Graduate,Government,32000,Savings,277200,720,Auto,687000,120,7.14,6130,2,No,18,0
DB00113,Fahim Rahman,55,Male,Chattogram,Cumilla,SSC,Self-employed,85200,Savings,576900,744,Personal,511000,36,10.31,15660,1,No,24,0
DB00114,Nusrat Chowdhury,35,Female,Barishal,Barishal,Masters,Self-employed,60200,Salary,311400,737,Business,1049000,48,10.58,24170,2,No,15,0
DB00115,Ayesha Rahman,37,Male,Rangpur,Kurigram,Graduate,Salaried,87600,Salary,1023500,634,Business,2097000,36,9.8,63960,3,No,16,1
DB00116,Fahim Ahmed,44,Male,Rangpur,Kurigram,Graduate,Business,54800,Salary,390200,647,Personal,508000,12,10.77,46890,3,No,23,0
DB00117,Sakib Chowdhury,33,Male,Rajshahi,Natore,Masters,Business,68500,Savings,337200,609,Personal,406000,60,8.54,7340,1,No,25,0
DB00118,Arif Islam,56,Male,Khulna,Jashore,Graduate,Salaried,73600,Current,591500,745,Education,596000,60,11.3,11060,4,No,23,1
DB00119,Jannat Ahmed,22,Male,Khulna,Kushtia,HSC,Business,76600,Savings,466100,635,Auto,448000,36,7.95,13430,0,No,25,0
DB00120,Jahid Sultana,39,Female,Rangpur,Rangpur,Graduate,Government,101100,Savings,352300,748,Home,4357000,12,11.33,404220,3,No,12,1
DB00121,Rahim Hossain,52,Male,Chattogram,Feni,Graduate,Other,86900,Savings,979000,713,Education,219000,24,9.02,9950,2,No,32,0
DB00122,Nayeem Khan,37,Female,Rangpur,Lalmonirhat,Masters,Government,62000,Salary,371600,675,Personal,152000,36,8.6,4590,2,No,19,0
DB00123,Hasan Khan,38,Male,Dhaka,Gazipur,SSC,Self-employed,65000,Savings,387200,645,Home,1379000,84,11.42,18290,3,No,19,0
DB00124,Sohel Sultana,51,Female,Dhaka,Gazipur,Masters,Business,53400,Savings,607800,699,Business,2810000,180,11.28,17370,5,No,23,0
DB00125,Tania Rahman,45,Male,Chattogram,Cumilla,Graduate,Salaried,35900,Savings,76900,660,Personal,1119000,60,9.66,20450,2,No,21,0
DB00126,Sohel Islam,22,Female,Rajshahi,Rajshahi,HSC,Self-employed,67700,Savings,426600,666,Business,1157000,36,10.73,35590,3,No,20,0
DB00127,Mim Rahman,32,Female,Rangpur,Dinajpur,HSC,Government,21200,Current,92600,719,Auto,751000,240,13.16,3540,1,No,15,1
DB00128,Sadia Islam,31,Male,Dhaka,Tangail,SSC,Salaried,62800,Salary,399000,729,Business,627000,84,10.67,8260,2,No,19,0
DB00129,Imran Ahmed,33,Female,Dhaka,Narayanganj,Graduate,Government,56100,Savings,363400,754,Auto,521000,60,11.06,9640,3,No,20,0
DB00130,Sadia Rahman,38,Male,Khulna,Satkhira,Graduate,Salaried,53600,Current,475400,681,Home,1816000,180,8.92,10990,2,No,23,1
DB00131,Jahid Hossain,37,Male,Rajshahi,Naogaon,Masters,Salaried,82200,Savings,547700,642,Personal,441000,24,10.95,20390,1,No,17,0
DB00132,Rafi Chowdhury,21,Male,Rajshahi,Natore,Graduate,Business,55700,Savings,157800,790,Personal,376000,36,8.66,11350,3,Yes,18,0
DB00133,Jannat Sultana,55,Female,Rajshahi,Naogaon,Masters,Other,40000,Salary,196700,627,Personal,664000,84,12.51,8890,3,No,22,1
DB00134,Fahim Rahman,21,Male,Rangpur,Rangpur,Graduate,Salaried,51100,Salary,268100,705,Business,1394000,48,7.28,31160,3,No,30,0
DB00135,Tania Rahman,26,Female,Mymensingh,Mymensingh,Graduate,Salaried,39400,Savings,80700,725,Auto,592000,48,11.8,13790,0,No,22,0
DB00136,Arif Hasan,40,Male,Chattogram,Feni,Graduate,Business,50300,Salary,368600,752,Personal,398000,240,10.74,1840,1,No,23,0
DB00137,Nayeem Khan,38,Male,Chattogram,Cumilla,Graduate,Government,40100,Savings,276200,691,Personal,1640000,24,11.34,76080,0,No,18,1
DB00138,Hossain Chowdhury,36,Male,Dhaka,Tangail,Graduate,Salaried,45000,Savings,447200,768,Personal,795000,120,7.83,7140,2,No,21,0
DB00139,Rahim Khan,43,Male,Dhaka,Narayanganj,HSC,Salaried,62200,Savings,700600,688,Personal,366000,60,9.94,6710,3,No,26,0
DB00140,Mariya Chowdhury,53,Female,Chattogram,Chattogram,Masters,Business,52100,Salary,226500,629,Auto,675000,180,10.43,4140,1,No,13,0
DB00141,Sakib Chowdhury,45,Male,Chattogram,Cox's Bazar,Graduate,Business,36500,Savings,151800,642,Personal,157000,120,8.81,1420,1,No,25,0
DB00142,Karim Hossain,43,Male,Mymensingh,Netrokona,HSC,Salaried,30600,Savings,258100,675,Personal,953000,240,11.3,4420,3,Yes,16,1
DB00143,Mariya Ahmed,37,Male,Dhaka,Narayanganj,Graduate,Salaried,64700,Savings,504100,650,Business,1506000,36,11.23,46530,4,No,21,0
DB00144,Nusrat Hossain,42,Male,Dhaka,Narayanganj,HSC,Self-employed,26800,Current,207600,710,Home,2868000,84,7.92,36850,4,Yes,16,1
DB00145,Rahim Islam,45,Male,Rajshahi,Pabna,Graduate,Government,76900,Savings,597000,589,Personal,195000,36,12.04,6070,1,No,21,0
DB00146,Shakil Khan,42,Male,Rajshahi,Pabna,Masters,Business,33400,Salary,81000,642,Personal,576000,48,9.54,13140,1,Yes,17,0
DB00147,Sumaiya Chowdhury,41,Female,Dhaka,Narayanganj,HSC,Government,106500,Savings,1043400,625,Personal,417000,180,11.16,2580,1,No,17,0
DB00148,Nusrat Chowdhury,40,Male,Mymensingh,Sherpur,Masters,Salaried,67400,Salary,499300,755,Home,2600000,180,10.91,16020,2,No,13,1
DB00149,Rahim Sultana,34,Male,Dhaka,Tangail,Graduate,Salaried,69100,Savings,573300,670,Personal,470000,240,8.85,2130,1,No,12,0
DB00150,Rafi Sultana,34,Male,Rangpur,Dinajpur,Graduate,Business,57600,Salary,278600,662,Business,1131000,84,11.78,15050,2,No,14,0
DB00151,Mariya Ahmed,45,Male,Khulna,Bagerhat,Masters,Business,54900,Current,119600,614,Personal,405000,60,11.26,7510,1,No,25,0
DB00152,Mizan Hossain,50,Female,Rajshahi,Pabna,Graduate,Government,57400,Savings,419300,660,Personal,348000,12,12.47,32620,4,No,15,1
DB00153,Tania Hasan,39,Male,Sylhet,Sylhet,SSC,Salaried,27800,Salary,245500,697,Auto,660000,60,10.76,12180,3,No,16,0
DB00154,Tanvir Khan,35,Male,Chattogram,Cumilla,HSC,Business,51900,Salary,285600,759,Home,1716000,36,9.86,52370,0,No,27,1
DB00155,Sohel Sultana,26,Female,Chattogram,Noakhali,SSC,Salaried,85000,Salary,496600,613,Business,1244000,48,9.11,28280,2,No,17,0
DB00156,Hossain Rahman,30,Female,Dhaka,Tangail,HSC,Salaried,46800,Salary,442300,607,Business,2118000,60,11.57,39380,3,No,19,0
DB00157,Sohel Hossain,39,Male,Chattogram,Noakhali,Masters,Self-employed,27100,Salary,71600,656,Education,343000,84,11.25,4540,2,No,16,0
DB00158,Hossain Akter,38,Female,Rangpur,Kurigram,Masters,Self-employed,72800,Savings,484100,704,Personal,577000,36,7,17150,2,No,17,0
DB00159,Mariya Islam,30,Female,Chattogram,Feni,Masters,Business,71000,Current,611700,729,Business,1362000,48,11.42,31620,3,No,22,0
DB00160,Arif Chowdhury,31,Male,Chattogram,Chattogram,Masters,Salaried,60500,Current,159300,730,Auto,710000,60,10.58,13090,0,No,15,0
DB00161,Tanvir Ahmed,45,Female,Chattogram,Chattogram,Graduate,Business,23600,Salary,254400,678,Home,1730000,48,10.49,39820,2,No,23,1
DB00162,Tanvir Sultana,40,Female,Sylhet,Sylhet,SSC,Salaried,18600,Salary,180000,762,Business,1245000,48,9.44,28390,1,No,27,1
DB00163,Sohel Hasan,44,Female,Dhaka,Tangail,Masters,Government,64600,Salary,296200,747,Personal,592000,180,10.09,3620,1,Yes,23,1
DB00164,Mim Islam,37,Female,Rangpur,Kurigram,Masters,Salaried,34900,Savings,192200,850,Personal,421000,36,10.87,12970,1,No,19,0
DB00165,Nayeem Khan,40,Male,Sylhet,Habiganj,Graduate,Business,46600,Savings,402600,697,Home,2079000,60,11.24,38540,0,No,18,1
DB00166,Rafi Chowdhury,41,Female,Khulna,Jashore,Masters,Salaried,39100,Savings,285200,756,Personal,260000,60,13.61,4920,3,Yes,19,0
DB00167,Hossain Hossain,36,Male,Dhaka,Gazipur,SSC,Salaried,84800,Savings,352200,719,Personal,809000,60,9.35,14740,3,No,20,0
DB00168,Imran Sultana,42,Male,Barishal,Pirojpur,HSC,Salaried,56200,Savings,273300,704,Business,1285000,240,10.77,5930,2,No,17,0
DB00169,Hossain Hasan,49,Male,Khulna,Bagerhat,Graduate,Business,37400,Savings,275300,723,Auto,510000,180,15,3260,2,No,18,1
DB00170,Sohel Rahman,24,Male,Rajshahi,Naogaon,Graduate,Business,49400,Savings,577200,683,Personal,544000,180,11.35,3370,2,No,24,0
DB00171,Rafi Sultana,40,Male,Mymensingh,Netrokona,HSC,Salaried,96100,Current,687300,769,Home,1565000,120,8.45,14140,2,No,16,0
DB00172,Arif Hossain,28,Male,Dhaka,Narayanganj,Graduate,Self-employed,51600,Salary,466100,663,Education,413000,60,11.62,7680,2,No,18,0
DB00173,Imran Ahmed,41,Male,Dhaka,Faridpur,Graduate,Government,89200,Salary,438100,617,Personal,803000,60,10.07,14730,3,No,25,0
DB00174,Nayeem Ahmed,45,Male,Sylhet,Sunamganj,Masters,Salaried,45400,Savings,254400,700,Business,1227000,12,11.15,113650,1,No,17,1
DB00175,Imran Islam,38,Male,Khulna,Khulna,Graduate,Salaried,97100,Savings,754600,678,Auto,582000,180,11.45,3600,3,No,16,0
DB00176,Tanvir Ahmed,34,Female,Rajshahi,Natore,Graduate,Salaried,59100,Current,419300,684,Personal,398000,36,11.61,12340,2,No,28,0
DB00177,Sumaiya Islam,35,Male,Rangpur,Nilphamari,HSC,Salaried,37500,Savings,331300,689,Home,1352000,180,9.52,8230,0,No,27,0
DB00178,Ayesha Chowdhury,36,Female,Rajshahi,Bogura,Graduate,Business,77900,Savings,799600,678,Auto,563000,120,10.64,5190,1,No,10,0
DB00179,Rahim Khan,27,Female,Sylhet,Sunamganj,Graduate,Self-employed,40500,Salary,396400,659,Home,2609000,36,11.18,80570,2,No,16,1
DB00180,Mariya Akter,28,Male,Dhaka,Faridpur,Graduate,Other,37700,Savings,107100,642,Auto,369000,36,12.43,11520,0,No,15,0
DB00181,Sadia Hossain,28,Female,Dhaka,Tangail,Graduate,Self-employed,55100,Savings,198000,705,Business,833000,36,8.72,25160,1,Yes,23,1
DB00182,Rafi Khan,35,Male,Sylhet,Sylhet,Graduate,Business,45600,Savings,186900,721,Home,2439000,240,10.75,11250,0,No,20,1
DB00183,Mizan Rahman,34,Female,Barishal,Barishal,Masters,Business,56100,Salary,173400,538,Business,1758000,120,10.95,16250,3,No,18,1
DB00184,Sakib Khan,39,Male,Dhaka,Tangail,Graduate,Other,61700,Current,678800,547,Home,1079000,12,8.59,97640,3,No,13,1
DB00185,Mariya Akter,54,Male,Dhaka,Dhaka,Graduate,Salaried,81400,Savings,937200,657,Personal,390000,36,8.21,11720,2,No,20,0
DB00186,Arif Islam,48,Female,Rajshahi,Rajshahi,Graduate,Salaried,61300,Salary,607200,780,Auto,554000,36,9.52,16850,0,No,18,0
DB00187,Rafi Chowdhury,35,Male,Dhaka,Faridpur,Masters,Business,94400,Current,473000,702,Auto,1185000,60,12.09,22140,0,No,17,0
DB00188,Hossain Khan,44,Male,Chattogram,Cumilla,Graduate,Other,27600,Savings,276400,738,Home,1663000,180,9.54,10120,3,No,15,1
DB00189,Fahim Ahmed,21,Male,Barishal,Barishal,Masters,Business,53300,Salary,529600,722,Personal,371000,60,9.33,6760,2,No,18,0
DB00190,Shakil Chowdhury,45,Female,Dhaka,Faridpur,HSC,Business,29000,Savings,61600,596,Auto,549000,60,9.9,10060,4,No,20,1
DB00191,Ayesha Chowdhury,41,Male,Khulna,Khulna,SSC,Salaried,40900,Savings,276900,660,Business,814000,84,12.53,10900,1,No,23,0
DB00192,Mehedi Rahman,49,Male,Chattogram,Cox's Bazar,HSC,Self-employed,57500,Salary,376400,704,Education,540000,48,11.6,12560,5,No,16,0
DB00193,Rahim Rahman,40,Female,Khulna,Bagerhat,HSC,Salaried,65700,Savings,456600,691,Home,2655000,36,9.78,80960,2,No,19,1
DB00194,Sohel Rahman,36,Male,Mymensingh,Jamalpur,HSC,Self-employed,60200,Salary,460000,613,Education,259000,48,9.83,5930,2,No,14,0
DB00195,Mehedi Akter,26,Male,Dhaka,Tangail,SSC,Salaried,70300,Savings,197900,671,Auto,517000,36,12.16,16110,2,No,23,0
DB00196,Rahim Rahman,21,Female,Sylhet,Sylhet,Graduate,Salaried,44700,Savings,424300,682,Business,1865000,60,11.54,34670,3,No,15,0
DB00197,Shakil Akter,42,Male,Rangpur,Lalmonirhat,Graduate,Salaried,50900,Savings,547000,723,Home,1244000,24,11.22,57650,1,No,21,0
DB00198,Sumaiya Hasan,30,Male,Dhaka,Tangail,SSC,Business,86600,Savings,727000,699,Personal,345000,24,9.89,15800,2,No,23,0
DB00199,Shakil Islam,42,Male,Barishal,Pirojpur,Masters,Business,108100,Current,592600,705,Business,1340000,60,9.22,24390,2,No,13,0
DB00200,Hossain Akter,36,Male,Dhaka,Gazipur,SSC,Salaried,50300,Salary,180600,731,Home,3866000,24,10.82,178510,2,No,16,1
DB00201,Sakib Khan,41,Male,Dhaka,Tangail,Masters,Business,65300,Savings,414600,679,Business,2767000,180,9.06,16760,0,No,17,1
DB00202,Sadia Sultana,32,Male,Dhaka,Narayanganj,Masters,Salaried,92700,Savings,551500,828,Business,2429000,240,9.98,11130,4,No,21,0
DB00203,Hasan Ahmed,34,Female,Mymensingh,Jamalpur,HSC,Business,38300,Salary,404700,735,Personal,843000,120,11.72,7850,1,Yes,16,1
DB00204,Tania Ahmed,26,Female,Dhaka,Narayanganj,SSC,Salaried,30500,Current,63100,716,Personal,320000,120,10.06,2930,2,No,15,0
DB00205,Ayesha Chowdhury,39,Male,Mymensingh,Netrokona,SSC,Salaried,122000,Savings,1320200,644,Education,219000,12,10.63,20190,2,No,25,0
DB00206,Tania Akter,52,Female,Barishal,Jhalokathi,Graduate,Government,63200,Savings,417400,691,Personal,418000,24,10.79,19300,2,Yes,22,0
DB00207,Sakib Akter,33,Female,Rangpur,Rangpur,Graduate,Salaried,60100,Savings,192500,714,Business,2583000,180,11.82,16050,1,No,29,1
DB00208,Nayeem Rahman,31,Female,Sylhet,Habiganj,HSC,Business,106200,Savings,1045400,659,Auto,646000,84,9.99,8460,1,No,21,1
DB00209,Hossain Sultana,40,Male,Rajshahi,Naogaon,Graduate,Salaried,44900,Current,406100,696,Personal,748000,60,10.42,13770,2,No,18,0
DB00210,Tanvir Hasan,30,Male,Khulna,Kushtia,Graduate,Self-employed,44100,Current,209900,630,Personal,525000,180,12.98,3300,0,No,15,0
DB00211,Rahim Khan,39,Male,Khulna,Khulna,Graduate,Government,35100,Savings,310900,802,Home,2023000,48,13.26,47730,0,No,17,1
DB00212,Mehedi Akter,48,Male,Barishal,Barishal,Graduate,Business,77300,Current,512700,774,Business,1278000,60,11.57,23760,3,No,21,0
DB00213,Hossain Chowdhury,39,Female,Dhaka,Faridpur,Masters,Business,76400,Savings,427100,804,Home,2042000,84,10.24,26800,4,No,18,0
DB00214,Ayesha Ahmed,53,Male,Rajshahi,Bogura,HSC,Business,70900,Salary,366600,688,Business,1379000,36,12.35,43040,2,No,15,0
DB00215,Tania Rahman,42,Male,Mymensingh,Jamalpur,HSC,Business,134000,Savings,1233900,694,Education,547000,84,8.92,7090,2,No,17,0
DB00216,Mariya Hossain,40,Male,Mymensingh,Netrokona,SSC,Government,37100,Savings,141900,590,Home,3042000,24,11.72,141610,4,No,26,1
DB00217,Tania Khan,40,Male,Rangpur,Dinajpur,Graduate,Other,59100,Current,311000,662,Personal,370000,120,9.03,3360,2,Yes,14,0
DB00218,Mehedi Rahman,42,Male,Mymensingh,Netrokona,Graduate,Government,53500,Current,440600,746,Personal,620000,84,8.3,7990,1,No,22,0
DB00219,Mim Sultana,33,Male,Chattogram,Cumilla,Graduate,Self-employed,40300,Savings,219500,772,Personal,395000,84,8.07,5080,1,No,20,0
DB00220,Nayeem Ahmed,35,Male,Dhaka,Tangail,HSC,Salaried,80900,Savings,903500,712,Education,609000,36,9.89,18590,2,No,19,0
DB00221,Hasan Hasan,27,Male,Rangpur,Dinajpur,Graduate,Other,87500,Savings,448800,672,Home,1862000,120,10.83,17200,3,No,18,0
DB00222,Imran Rahman,41,Male,Chattogram,Cumilla,Graduate,Self-employed,42000,Savings,455800,690,Personal,209000,84,13.08,2810,2,Yes,20,0
DB00223,Rafi Sultana,46,Male,Dhaka,Tangail,Graduate,Government,40900,Salary,168200,726,Home,2953000,48,13.18,69630,1,No,13,1
DB00224,Sumaiya Rahman,40,Female,Chattogram,Noakhali,HSC,Salaried,51400,Savings,325800,740,Home,1463000,36,12.28,45630,3,No,13,0
DB00225,Karim Chowdhury,48,Female,Dhaka,Gazipur,Graduate,Self-employed,48700,Savings,515700,690,Business,416000,240,9.88,1900,2,No,25,0
DB00226,Sohel Islam,23,Male,Dhaka,Narayanganj,Graduate,Government,33800,Savings,278700,621,Business,827000,84,9.2,10750,2,No,21,0
DB00227,Tania Hasan,41,Male,Rangpur,Nilphamari,Masters,Government,79300,Savings,674600,681,Home,1865000,84,8.43,24070,3,No,22,1
DB00228,Nayeem Akter,36,Female,Chattogram,Noakhali,HSC,Government,43700,Salary,411400,690,Auto,556000,24,11.03,25720,4,No,19,0
DB00229,Hasan Hasan,39,Male,Rangpur,Nilphamari,HSC,Business,58800,Savings,197600,732,Personal,652000,48,9.5,14870,0,No,20,0
DB00230,Mariya Ahmed,29,Female,Dhaka,Narayanganj,HSC,Self-employed,44200,Savings,481500,689,Education,163000,60,7,2910,2,No,16,0
DB00231,Hossain Hossain,43,Female,Rajshahi,Bogura,Masters,Business,46800,Savings,325300,707,Home,2213000,36,9.26,67160,2,No,18,1
DB00232,Sohel Akter,36,Male,Khulna,Jashore,HSC,Business,54700,Savings,569700,735,Personal,337000,84,9.41,4390,2,No,15,0
DB00233,Tania Hasan,44,Male,Dhaka,Dhaka,HSC,Salaried,78100,Current,731300,673,Personal,407000,120,10.27,3740,1,No,20,0
DB00234,Sakib Hossain,48,Male,Dhaka,Tangail,SSC,Other,103700,Current,255900,674,Personal,222000,24,11.22,10290,3,No,13,0
DB00235,Sadia Rahman,29,Female,Dhaka,Dhaka,Graduate,Salaried,54600,Savings,452000,710,Auto,633000,60,9.84,11590,2,No,11,0
DB00236,Ayesha Islam,44,Female,Chattogram,Noakhali,Masters,Business,43900,Current,519600,597,Home,2451000,12,9.98,224630,1,No,22,0
DB00237,Hasan Chowdhury,34,Male,Dhaka,Dhaka,SSC,Business,54100,Salary,464900,665,Personal,520000,48,11.37,12070,2,No,15,1
DB00238,Shakil Khan,34,Male,Khulna,Jashore,Graduate,Other,48500,Current,470100,642,Personal,455000,24,11.95,21220,0,No,14,0
DB00239,Rafi Hossain,33,Male,Mymensingh,Netrokona,Graduate,Self-employed,29800,Salary,230300,607,Business,1849000,120,10.12,16970,3,No,19,1
DB00240,Arif Islam,35,Male,Mymensingh,Sherpur,Masters,Business,38100,Savings,307000,691,Personal,345000,36,9.99,10540,2,No,20,0
DB00241,Sohel Chowdhury,30,Male,Dhaka,Tangail,HSC,Business,105400,Savings,1203300,715,Business,1243000,60,12.82,23370,2,No,21,0
DB00242,Rahim Ahmed,45,Male,Mymensingh,Sherpur,SSC,Salaried,65600,Savings,438500,679,Personal,768000,120,9.34,7000,5,Yes,19,0
DB00243,Karim Rahman,49,Male,Sylhet,Habiganj,Graduate,Salaried,56500,Salary,229000,696,Business,1741000,84,9.43,22680,3,No,18,0
DB00244,Nusrat Hasan,39,Female,Chattogram,Cox's Bazar,Graduate,Government,89100,Savings,564700,667,Business,1359000,240,12.6,6380,3,No,17,0
DB00245,Sadia Ahmed,40,Male,Khulna,Khulna,HSC,Self-employed,57800,Salary,421700,579,Personal,424000,48,10.78,9790,1,No,20,0
DB00246,Nusrat Rahman,40,Male,Rangpur,Rangpur,SSC,Other,27700,Savings,76800,620,Personal,695000,240,11.55,3230,2,No,20,0
DB00247,Shakil Chowdhury,31,Male,Sylhet,Sunamganj,SSC,Self-employed,178000,Savings,1500300,605,Auto,550000,84,8.3,7090,2,No,16,0
DB00248,Tanvir Khan,54,Female,Dhaka,Tangail,SSC,Business,28200,Savings,337700,686,Auto,714000,36,9.5,21720,0,No,22,0
DB00249,Mim Hasan,35,Male,Chattogram,Cumilla,Masters,Salaried,73000,Savings,708800,614,Business,773000,36,8.9,23380,2,No,25,0
DB00250,Mariya Chowdhury,34,Male,Rangpur,Rangpur,Graduate,Salaried,61900,Savings,705900,669,Personal,376000,36,8.79,11360,3,Yes,16,0
DB00251,Tanvir Hossain,56,Female,Chattogram,Feni,Graduate,Salaried,59900,Savings,452500,804,Home,1711000,84,9.85,22380,4,No,19,0
DB00252,Mim Sultana,28,Female,Khulna,Jashore,HSC,Self-employed,29500,Salary,93200,714,Auto,508000,84,9.15,6600,1,No,24,0
DB00253,Tanvir Rahman,37,Male,Rangpur,Kurigram,Graduate,Business,55300,Savings,571900,536,Personal,598000,240,10.45,2750,3,No,17,0
DB00254,Hasan Rahman,44,Female,Chattogram,Feni,Masters,Business,68700,Salary,783100,681,Home,2371000,12,11.1,219520,4,No,24,1
DB00255,Jannat Chowdhury,34,Male,Khulna,Jashore,Graduate,Self-employed,79400,Savings,304700,697,Personal,686000,24,11.2,31780,2,Yes,19,0
DB00256,Rafi Chowdhury,28,Male,Rajshahi,Rajshahi,Masters,Salaried,69900,Savings,693000,700,Home,1164000,60,12.64,21850,1,No,16,0
DB00257,Imran Ahmed,51,Male,Rangpur,Nilphamari,Graduate,Government,75300,Salary,379800,632,Personal,336000,120,11.69,3130,2,Yes,17,0
DB00258,Karim Hasan,30,Male,Rajshahi,Pabna,Masters,Other,95000,Salary,781400,640,Home,3550000,180,7.84,21270,2,No,18,0
DB00259,Tania Islam,38,Male,Khulna,Khulna,Graduate,Self-employed,100500,Salary,672400,627,Home,1486000,120,12.72,13960,1,No,22,0
DB00260,Nusrat Hossain,38,Female,Rangpur,Dinajpur,HSC,Other,39300,Salary,403000,663,Education,538000,60,11.52,10000,3,No,18,0
DB00261,Mariya Sultana,48,Female,Mymensingh,Jamalpur,Graduate,Business,91800,Savings,882700,635,Business,925000,84,9.71,12080,3,No,24,0
DB00262,Mizan Chowdhury,25,Male,Khulna,Bagerhat,Graduate,Government,28100,Savings,66700,691,Personal,523000,36,7.73,15650,2,No,14,0
DB00263,Mim Sultana,44,Female,Dhaka,Gazipur,HSC,Business,22400,Savings,84300,672,Business,2428000,84,12.08,32400,2,No,21,1
DB00264,Ayesha Rahman,33,Female,Dhaka,Narayanganj,SSC,Salaried,35800,Savings,356400,621,Home,4459000,48,11.84,103890,1,No,27,1
DB00265,Jahid Rahman,43,Male,Rangpur,Kurigram,Graduate,Salaried,16100,Savings,171200,827,Auto,940000,24,12.61,44110,0,No,20,0
DB00266,Mizan Sultana,31,Male,Rangpur,Kurigram,Graduate,Self-employed,60800,Current,127300,670,Personal,718000,60,8.83,13020,0,No,22,0
DB00267,Tanvir Ahmed,27,Male,Dhaka,Gazipur,HSC,Salaried,46200,Savings,514900,750,Business,481000,60,10.41,8850,2,No,14,0
DB00268,Nusrat Akter,28,Male,Dhaka,Gazipur,Graduate,Self-employed,49000,Savings,144200,751,Personal,385000,24,7.98,17320,1,No,13,0
DB00269,Karim Hossain,45,Male,Rajshahi,Bogura,Graduate,Self-employed,186000,Savings,928900,682,Personal,332000,180,10.04,2030,3,No,18,0
DB00270,Rahim Sultana,29,Male,Khulna,Satkhira,HSC,Business,102800,Savings,441200,629,Auto,466000,24,12.12,21770,1,No,17,0
DB00271,Mehedi Rahman,27,Male,Chattogram,Feni,Graduate,Other,127500,Savings,269400,684,Auto,911000,120,11.31,8450,1,No,17,0
DB00272,Tania Akter,41,Male,Rajshahi,Natore,Masters,Self-employed,41300,Salary,477500,671,Personal,503000,120,10.92,4650,3,No,22,0
DB00273,Sohel Islam,46,Male,Chattogram,Feni,Graduate,Business,78800,Salary,884400,741,Education,511000,120,12.48,4790,4,Yes,18,0
DB00274,Sadia Ahmed,34,Male,Barishal,Barishal,Graduate,Business,110300,Current,623900,629,Business,1274000,120,12.87,11980,2,No,20,0
DB00275,Hasan Hasan,44,Male,Khulna,Bagerhat,Graduate,Salaried,55100,Savings,529500,770,Business,1227000,120,9.65,11210,4,No,12,1
DB00276,Mim Hossain,56,Female,Chattogram,Chattogram,Graduate,Government,44800,Savings,319600,740,Personal,580000,12,10.3,53310,3,No,21,0
DB00277,Sakib Islam,33,Female,Rangpur,Lalmonirhat,Graduate,Salaried,69300,Salary,395800,757,Auto,649000,180,10.83,4000,1,No,18,0
DB00278,Nusrat Chowdhury,25,Male,Dhaka,Tangail,HSC,Salaried,37200,Savings,148300,722,Personal,871000,60,8.78,15790,0,No,23,0
DB00279,Sadia Hossain,33,Male,Rangpur,Lalmonirhat,Masters,Business,91400,Savings,396900,738,Personal,296000,120,12.02,2760,2,No,15,0
DB00280,Sadia Hasan,55,Female,Dhaka,Narayanganj,HSC,Other,142200,Savings,356400,776,Auto,1060000,120,10.01,9720,3,No,14,0
DB00281,Rahim Islam,47,Female,Khulna,Khulna,HSC,Other,56600,Savings,628000,656,Personal,780000,36,10.82,24010,0,Yes,23,1
DB00282,Ayesha Akter,41,Male,Dhaka,Dhaka,Masters,Salaried,58600,Current,166300,761,Business,733000,120,10.13,6730,3,No,21,0
DB00283,Karim Ahmed,23,Male,Rajshahi,Rajshahi,Graduate,Salaried,74700,Current,309500,667,Personal,859000,180,8.84,5190,0,Yes,14,0
DB00284,Nusrat Hasan,29,Male,Mymensingh,Jamalpur,SSC,Business,53900,Savings,261100,757,Education,234000,24,9.76,10700,4,No,22,0
DB00285,Tanvir Chowdhury,32,Female,Chattogram,Noakhali,HSC,Government,68700,Salary,612600,735,Personal,882000,180,13.3,5550,2,No,23,0
DB00286,Sadia Islam,45,Female,Barishal,Jhalokathi,Graduate,Salaried,64300,Salary,372500,767,Personal,592000,48,9.81,13540,5,No,14,0
DB00287,Mim Sultana,35,Female,Rajshahi,Pabna,Graduate,Self-employed,36200,Savings,307400,675,Personal,873000,60,9.19,15890,2,No,18,1
DB00288,Tanvir Akter,38,Male,Khulna,Kushtia,Graduate,Government,57000,Savings,615100,739,Business,1356000,84,8.58,17530,1,No,17,0
DB00289,Arif Khan,27,Female,Rangpur,Nilphamari,HSC,Business,35900,Salary,311300,693,Auto,672000,48,7,14980,2,No,20,1
DB00290,Fahim Hasan,44,Male,Dhaka,Gazipur,Graduate,Other,40600,Salary,310300,798,Auto,362000,84,9.11,4700,3,No,23,0
DB00291,Sakib Ahmed,27,Female,Dhaka,Faridpur,HSC,Business,57000,Savings,128600,647,Education,237000,36,11.26,7320,2,No,20,0
DB00292,Nusrat Hasan,21,Male,Sylhet,Moulvibazar,Graduate,Self-employed,63500,Savings,688100,688,Business,1197000,36,7.01,35580,2,No,17,1
DB00293,Nusrat Sultana,25,Female,Rangpur,Kurigram,SSC,Business,55800,Savings,590700,740,Home,1882000,60,11.38,34940,2,No,16,1
DB00294,Arif Sultana,35,Male,Rangpur,Rangpur,Graduate,Business,36200,Salary,271700,599,Home,1912000,24,11.16,88560,2,No,20,1
DB00295,Sadia Sultana,36,Male,Dhaka,Gazipur,Graduate,Salaried,83100,Savings,383700,673,Personal,236000,36,8.73,7130,3,No,17,0
DB00296,Nusrat Hasan,27,Male,Rangpur,Kurigram,HSC,Business,20700,Savings,247400,637,Personal,476000,24,10.95,22010,2,No,22,0
DB00297,Arif Hossain,57,Male,Mymensingh,Jamalpur,Masters,Business,84400,Current,466700,698,Education,286000,180,10.28,1750,1,No,15,0
DB00298,Rahim Hossain,44,Male,Barishal,Patuakhali,Graduate,Salaried,54700,Current,109500,691,Home,1430000,24,11.27,66300,4,No,23,1
DB00299,Tanvir Khan,32,Female,Rajshahi,Bogura,Graduate,Self-employed,15000,Savings,54700,756,Personal,615000,48,7.37,13760,2,No,21,1
DB00300,Hasan Sultana,39,Male,Dhaka,Faridpur,Graduate,Business,32500,Savings,361700,690,Education,496000,240,10.46,2280,2,No,21,0
DB00301,Mehedi Akter,33,Male,Chattogram,Chattogram,Graduate,Business,52900,Current,120200,713,Education,177000,24,11.62,8230,0,No,14,0
DB00302,Tania Rahman,50,Male,Sylhet,Sunamganj,Graduate,Government,40300,Current,160400,602,Home,1729000,24,10.87,79870,2,No,15,0
DB00303,Sumaiya Chowdhury,36,Female,Mymensingh,Sherpur,SSC,Government,40800,Current,291400,666,Business,499000,48,10.68,11510,4,Yes,19,1
DB00304,Hasan Chowdhury,28,Female,Rajshahi,Natore,HSC,Business,49100,Savings,241500,627,Personal,611000,240,9.05,2780,2,No,19,0
DB00305,Karim Hasan,32,Female,Dhaka,Gazipur,HSC,Salaried,109400,Savings,1185400,754,Personal,521000,240,11.48,2420,1,No,27,0
DB00306,Sakib Ahmed,47,Male,Dhaka,Gazipur,Graduate,Other,60900,Salary,652400,677,Personal,510000,120,8.68,4620,1,No,21,0
DB00307,Mizan Hossain,26,Female,Khulna,Jashore,Graduate,Government,91200,Savings,952800,656,Personal,397000,36,9.42,12070,4,No,25,0
DB00308,Hasan Hossain,36,Female,Khulna,Bagerhat,SSC,Salaried,30200,Savings,243500,596,Home,1124000,36,12.25,35050,3,No,14,1
DB00309,Tanvir Khan,21,Male,Dhaka,Dhaka,Graduate,Other,54200,Savings,219800,724,Personal,412000,60,9.6,7530,3,No,14,0
DB00310,Imran Chowdhury,57,Female,Khulna,Satkhira,SSC,Business,56700,Savings,162400,676,Personal,525000,36,10.49,16110,0,No,12,0
DB00311,Ayesha Islam,47,Male,Mymensingh,Netrokona,Masters,Salaried,42400,Savings,468600,681,Business,1639000,36,9.82,50000,4,No,22,0
DB00312,Hossain Sultana,26,Male,Chattogram,Chattogram,Graduate,Salaried,62100,Savings,650300,709,Auto,727000,36,10.37,22290,0,Yes,8,0
DB00313,Mariya Islam,47,Female,Rangpur,Rangpur,Masters,Government,40700,Salary,194700,725,Personal,532000,60,11.83,9920,1,No,16,0
DB00314,Hossain Hasan,30,Female,Rajshahi,Bogura,Masters,Business,37200,Savings,214800,720,Auto,826000,36,11.73,25640,0,No,18,0
DB00315,Nayeem Ahmed,48,Male,Dhaka,Faridpur,HSC,Self-employed,50700,Savings,545700,742,Education,240000,240,12.85,1130,1,No,25,0
DB00316,Hasan Hasan,47,Male,Mymensingh,Netrokona,Graduate,Business,27800,Salary,65500,587,Education,364000,36,9.73,11090,1,No,11,0
DB00317,Mizan Chowdhury,36,Male,Chattogram,Cumilla,Masters,Government,24500,Salary,108600,797,Auto,323000,36,9.49,9820,1,No,19,0
DB00318,Rahim Chowdhury,40,Male,Dhaka,Dhaka,Masters,Self-employed,43300,Current,415600,741,Education,247000,180,10.61,1520,1,No,22,0
DB00319,Arif Akter,31,Male,Rangpur,Nilphamari,HSC,Salaried,84500,Salary,846400,600,Personal,528000,60,10.3,9710,3,No,15,0
DB00320,Tanvir Khan,36,Female,Dhaka,Dhaka,HSC,Salaried,38300,Savings,427900,704,Personal,801000,60,12.01,14950,2,No,24,0
DB00321,Jannat Sultana,38,Male,Dhaka,Gazipur,Masters,Salaried,57500,Savings,146300,725,Personal,230000,84,8.26,2960,1,No,16,0
DB00322,Mim Hossain,47,Male,Mymensingh,Netrokona,SSC,Government,65600,Savings,357300,781,Auto,811000,240,7.46,3630,3,Yes,14,0
DB00323,Jahid Ahmed,32,Male,Sylhet,Habiganj,Graduate,Salaried,43900,Current,259500,639,Home,2734000,60,9.62,49950,1,Yes,16,1
DB00324,Sumaiya Rahman,53,Male,Sylhet,Moulvibazar,SSC,Business,63000,Salary,751400,714,Personal,551000,180,11.75,3420,4,No,18,0
DB00325,Mehedi Hossain,32,Female,Chattogram,Noakhali,Masters,Self-employed,63500,Savings,560900,683,Auto,843000,120,11.42,7830,0,No,13,0
DB00326,Jannat Hasan,53,Male,Rangpur,Kurigram,Masters,Salaried,22800,Current,169300,751,Auto,403000,36,11.83,12520,8,No,17,0
DB00327,Fahim Hasan,29,Female,Barishal,Bhola,Graduate,Government,79800,Salary,331700,661,Auto,675000,84,10.11,8850,3,No,25,0
DB00328,Mizan Islam,35,Male,Dhaka,Tangail,HSC,Self-employed,61100,Salary,600600,683,Personal,368000,180,12.15,2290,3,No,14,0
DB00329,Mizan Khan,34,Female,Dhaka,Gazipur,SSC,Salaried,59400,Savings,206700,757,Personal,172000,60,9.69,3140,0,No,21,0
DB00330,Shakil Hossain,25,Female,Mymensingh,Jamalpur,Masters,Salaried,76400,Savings,556400,797,Personal,841000,60,10.85,15540,2,No,21,0
DB00331,Sadia Islam,47,Male,Rangpur,Dinajpur,HSC,Government,59900,Savings,368000,724,Personal,634000,12,12.12,59240,2,No,27,0
DB00332,Nusrat Islam,28,Female,Dhaka,Dhaka,Graduate,Salaried,84300,Savings,976100,617,Personal,777000,60,10.6,14320,4,No,23,0
DB00333,Imran Hasan,42,Male,Chattogram,Noakhali,Graduate,Self-employed,50300,Savings,555100,692,Auto,634000,48,10.09,14540,2,No,11,0
DB00334,Tania Akter,37,Male,Rajshahi,Bogura,Graduate,Government,73300,Savings,170700,730,Home,2731000,36,9.06,82730,1,No,17,1
DB00335,Sohel Akter,21,Female,Barishal,Barishal,Graduate,Self-employed,142100,Savings,899400,634,Business,1012000,36,9.95,30910,2,No,18,0
DB00336,Rahim Islam,44,Male,Khulna,Kushtia,Graduate,Salaried,74400,Savings,272300,642,Business,1028000,24,10.16,47190,4,No,14,0
DB00337,Rahim Akter,33,Male,Chattogram,Feni,Graduate,Self-employed,70200,Salary,427400,724,Personal,818000,36,10.67,25150,5,No,21,0
DB00338,Hossain Khan,42,Male,Barishal,Jhalokathi,HSC,Salaried,156700,Current,917900,786,Business,696000,60,11.87,12980,0,No,15,0
DB00339,Karim Hossain,42,Female,Dhaka,Dhaka,HSC,Government,39600,Savings,437200,709,Personal,520000,48,10.45,11970,2,No,19,0
DB00340,Sakib Chowdhury,47,Female,Rajshahi,Naogaon,Graduate,Self-employed,49700,Salary,375300,627,Personal,755000,12,9.53,68910,1,No,26,0
DB00341,Mim Hasan,56,Female,Chattogram,Feni,HSC,Other,96800,Savings,591800,688,Auto,597000,84,10.16,7830,5,No,17,0
DB00342,Jahid Akter,34,Male,Dhaka,Narayanganj,Masters,Other,72700,Current,771300,720,Home,2502000,48,8.2,56400,0,No,24,1
DB00343,Nusrat Islam,45,Male,Rangpur,Kurigram,Graduate,Self-employed,54100,Savings,593800,651,Personal,551000,48,13.2,12990,2,No,17,0
DB00344,Sakib Khan,46,Female,Rangpur,Kurigram,Graduate,Salaried,54900,Savings,279600,688,Personal,400000,24,8.7,18120,3,No,18,0
DB00345,Sadia Sultana,40,Male,Khulna,Bagerhat,Graduate,Self-employed,71400,Savings,345800,688,Personal,641000,48,12.16,14980,1,No,23,0
DB00346,Tania Sultana,29,Male,Barishal,Patuakhali,Masters,Self-employed,56400,Salary,227600,742,Home,1518000,48,10.92,35080,3,No,14,0
DB00347,Sohel Rahman,42,Male,Rajshahi,Natore,HSC,Self-employed,101100,Current,256300,796,Business,764000,60,12.43,14320,1,Yes,25,0
DB00348,Mim Islam,42,Female,Rangpur,Kurigram,Graduate,Salaried,33100,Salary,238500,694,Personal,275000,36,10.62,8450,1,No,14,0
DB00349,Sumaiya Ahmed,36,Female,Dhaka,Tangail,Graduate,Government,50500,Savings,464600,640,Personal,224000,84,8.11,2880,0,No,24,0
DB00350,Rahim Hossain,47,Female,Rajshahi,Bogura,Graduate,Salaried,59200,Savings,440900,700,Business,1627000,60,9.92,29810,1,No,16,0
DB00351,Jannat Hasan,49,Male,Chattogram,Cox's Bazar,Masters,Government,39300,Current,424800,675,Auto,632000,36,13.08,19850,3,No,22,1
DB00352,Fahim Hasan,49,Female,Khulna,Kushtia,Graduate,Salaried,32800,Savings,89500,680,Education,312000,36,8.22,9380,2,No,21,0
DB00353,Sumaiya Chowdhury,50,Male,Rangpur,Nilphamari,Graduate,Business,41600,Savings,406800,659,Personal,710000,24,12.65,33330,1,No,19,0
DB00354,Arif Islam,39,Male,Khulna,Bagerhat,Graduate,Salaried,71200,Salary,812500,730,Home,1371000,48,10.01,31420,2,No,16,0
DB00355,Sadia Hasan,54,Male,Rajshahi,Naogaon,Graduate,Government,78100,Current,907600,689,Auto,639000,240,9.35,2910,4,No,19,0
DB00356,Hossain Sultana,28,Male,Khulna,Bagerhat,HSC,Self-employed,44800,Salary,525600,697,Personal,460000,84,8.26,5930,2,No,11,0
DB00357,Fahim Khan,29,Female,Dhaka,Tangail,HSC,Salaried,74300,Savings,639800,703,Business,2233000,120,9.88,20450,4,No,20,0
DB00358,Tanvir Akter,38,Male,Barishal,Bhola,SSC,Other,52600,Savings,405800,665,Education,485000,60,8.79,8790,3,Yes,14,1
DB00359,Imran Ahmed,38,Male,Barishal,Barishal,HSC,Salaried,109400,Savings,461300,717,Home,3006000,36,9.91,91770,3,No,21,1
DB00360,Hasan Rahman,35,Male,Sylhet,Sylhet,HSC,Self-employed,51100,Savings,245200,649,Auto,699000,120,12.1,6530,2,No,19,0
DB00361,Sakib Islam,31,Male,Rajshahi,Naogaon,Masters,Self-employed,72100,Savings,256100,702,Business,1127000,60,8.23,20330,2,No,16,0
DB00362,Tanvir Chowdhury,31,Male,Sylhet,Sylhet,SSC,Government,76800,Current,731700,615,Personal,803000,36,10.16,24570,2,No,20,0
DB00363,Sumaiya Akter,46,Male,Chattogram,Cox's Bazar,Graduate,Salaried,72300,Salary,267200,672,Auto,744000,48,11.09,17220,1,No,9,0
DB00364,Mehedi Khan,38,Male,Barishal,Jhalokathi,Graduate,Self-employed,43000,Current,358000,624,Personal,706000,60,7.42,12640,1,Yes,12,0
DB00365,Sumaiya Hasan,40,Male,Khulna,Jashore,Masters,Salaried,74700,Savings,598100,793,Auto,772000,24,9.84,35330,8,No,18,0
DB00366,Jannat Hossain,48,Male,Dhaka,Gazipur,HSC,Self-employed,57000,Savings,123000,719,Personal,164000,48,11.5,3810,4,No,21,0
DB00367,Sakib Chowdhury,36,Male,Barishal,Barishal,HSC,Business,24500,Salary,241600,679,Business,451000,48,11.67,10490,2,No,13,0
DB00368,Jannat Hossain,40,Female,Chattogram,Cumilla,SSC,Self-employed,21400,Savings,223800,680,Personal,1065000,36,11.76,33060,3,No,20,0
DB00369,Rahim Rahman,29,Female,Chattogram,Chattogram,Masters,Self-employed,51500,Salary,404500,715,Business,593000,60,7.52,10630,4,No,17,0
DB00370,Sumaiya Sultana,26,Male,Dhaka,Gazipur,Graduate,Salaried,117600,Current,1112200,607,Auto,618000,36,12.06,19240,1,Yes,20,0
DB00371,Jahid Chowdhury,39,Female,Dhaka,Dhaka,Graduate,Salaried,34500,Salary,322000,666,Auto,498000,36,9.97,15210,0,No,13,0
DB00372,Mim Ahmed,32,Male,Khulna,Khulna,Masters,Salaried,42500,Salary,320100,784,Business,1343000,84,7.36,17160,4,No,26,1
DB00373,Mim Islam,31,Female,Chattogram,Chattogram,Graduate,Business,47800,Salary,421600,687,Education,358000,36,10.92,11030,2,No,26,0
DB00374,Mehedi Chowdhury,48,Female,Mymensingh,Netrokona,Masters,Self-employed,103500,Salary,420300,757,Auto,823000,240,9.61,3760,1,No,22,0
DB00375,Mizan Akter,36,Male,Rajshahi,Bogura,HSC,Government,96900,Current,224400,723,Education,386000,180,11.01,2380,1,Yes,16,0
DB00376,Jannat Akter,40,Female,Dhaka,Narayanganj,Graduate,Salaried,51200,Savings,462200,663,Education,308000,60,8.84,5590,1,No,24,0
DB00377,Sakib Khan,29,Female,Rangpur,Dinajpur,HSC,Self-employed,98000,Savings,363300,659,Home,2343000,180,9.91,14310,1,No,23,1
DB00378,Sadia Chowdhury,21,Male,Dhaka,Dhaka,Graduate,Government,81400,Current,281500,654,Education,298000,240,10.29,1370,0,No,22,0
DB00379,Hossain Ahmed,32,Female,Dhaka,Gazipur,Graduate,Business,44100,Savings,487400,633,Personal,560000,48,12.57,13130,5,No,18,0
DB00380,Nusrat Rahman,45,Male,Dhaka,Gazipur,HSC,Self-employed,23800,Current,132700,691,Personal,261000,84,10.37,3430,0,No,10,0
DB00381,Sumaiya Hossain,37,Male,Chattogram,Noakhali,SSC,Salaried,72300,Current,244400,623,Personal,352000,48,12.75,8270,1,No,23,0
DB00382,Jahid Hossain,29,Male,Chattogram,Noakhali,Masters,Business,84300,Savings,251800,608,Business,411000,240,13.59,1950,0,No,19,0
DB00383,Mim Hasan,32,Male,Dhaka,Dhaka,Masters,Self-employed,74100,Salary,527500,712,Personal,811000,60,10.79,14980,2,No,21,0
DB00384,Sakib Akter,55,Male,Khulna,Satkhira,Graduate,Government,68300,Savings,213400,698,Personal,1364000,240,10.98,6310,2,No,22,0
DB00385,Jannat Ahmed,46,Female,Sylhet,Sunamganj,Graduate,Government,65000,Current,297600,707,Business,1261000,60,7.31,22550,2,No,20,0
DB00386,Mehedi Sultana,22,Female,Sylhet,Sylhet,Graduate,Self-employed,71000,Savings,611400,758,Home,1787000,240,12.07,8340,2,No,20,0
DB00387,Mim Khan,39,Male,Dhaka,Faridpur,Graduate,Self-employed,72000,Savings,457000,601,Personal,345000,180,10.52,2120,0,No,22,0
DB00388,Rafi Chowdhury,42,Male,Dhaka,Narayanganj,Graduate,Salaried,22600,Salary,93000,635,Personal,398000,48,12.21,9300,1,No,19,0
DB00389,Mehedi Sultana,26,Male,Mymensingh,Jamalpur,Masters,Other,75800,Savings,585400,697,Business,1294000,240,8.49,5850,2,No,14,0
DB00390,Ayesha Rahman,38,Female,Sylhet,Habiganj,HSC,Self-employed,83000,Salary,365700,604,Business,1866000,60,11.99,34830,2,No,17,1
DB00391,Sakib Rahman,42,Female,Barishal,Bhola,Graduate,Self-employed,103400,Salary,1183800,717,Business,770000,84,9.99,10080,6,Yes,22,0
DB00392,Nayeem Islam,29,Female,Dhaka,Faridpur,Graduate,Business,63200,Savings,632700,694,Education,313000,12,7,27910,3,Yes,21,0
DB00393,Ayesha Hossain,45,Male,Chattogram,Cumilla,HSC,Other,74000,Savings,574300,666,Personal,355000,180,9,2150,1,No,16,0
DB00394,Sakib Islam,34,Male,Barishal,Barishal,HSC,Salaried,63400,Salary,139900,597,Personal,411000,36,10.9,12660,3,No,19,0
DB00395,Hasan Khan,33,Male,Khulna,Khulna,Masters,Government,49600,Salary,544000,713,Home,4398000,120,9.39,40090,1,No,22,1
DB00396,Imran Hasan,32,Female,Chattogram,Feni,Masters,Business,72900,Current,822700,712,Home,2120000,84,9.52,27640,1,No,20,0
DB00397,Ayesha Chowdhury,21,Male,Rangpur,Nilphamari,Graduate,Salaried,80200,Current,727800,592,Auto,473000,60,12.27,8850,2,No,21,0
DB00398,Rafi Ahmed,26,Female,Dhaka,Narayanganj,Masters,Salaried,100200,Current,262900,717,Personal,506000,60,8.99,9190,1,No,28,0
DB00399,Shakil Sultana,46,Male,Rangpur,Nilphamari,Masters,Government,59900,Salary,712100,706,Auto,447000,36,8.45,13470,2,Yes,13,0
DB00400,Imran Khan,44,Female,Mymensingh,Sherpur,HSC,Salaried,54600,Salary,530800,764,Home,1481000,60,13.95,28130,2,No,18,0
DB00401,Hossain Rahman,29,Male,Rajshahi,Pabna,Graduate,Salaried,48400,Savings,328600,680,Business,896000,24,9.46,40870,2,No,28,0
DB00402,Rafi Rahman,29,Female,Dhaka,Narayanganj,HSC,Salaried,46100,Savings,106100,754,Home,3487000,60,13.15,65760,4,No,24,1
DB00403,Mizan Rahman,50,Female,Rangpur,Rangpur,SSC,Government,23600,Savings,218600,780,Personal,351000,84,10.78,4630,2,No,17,0
DB00404,Sadia Akter,34,Female,Mymensingh,Mymensingh,Graduate,Salaried,86000,Savings,205000,752,Auto,672000,180,13.49,4240,0,No,15,0
DB00405,Hasan Khan,36,Male,Dhaka,Narayanganj,Graduate,Government,26100,Savings,189100,673,Home,3205000,36,11.59,99350,2,No,23,1
DB00406,Hasan Khan,31,Male,Khulna,Jashore,Graduate,Other,56300,Savings,454600,678,Personal,462000,12,10.13,42400,3,No,11,0
DB00407,Shakil Islam,33,Male,Rangpur,Nilphamari,HSC,Salaried,105700,Salary,1109900,646,Personal,451000,180,10.83,2780,3,No,13,0
DB00408,Sadia Sultana,30,Male,Dhaka,Gazipur,SSC,Business,74300,Savings,253500,729,Business,905000,60,11.54,16820,2,No,23,0
DB00409,Rahim Sultana,43,Male,Dhaka,Gazipur,Masters,Business,61100,Salary,357400,513,Home,3442000,36,10.09,105260,2,Yes,19,1
DB00410,Sohel Rahman,49,Male,Mymensingh,Sherpur,HSC,Business,51800,Savings,353200,664,Auto,312000,84,11.35,4140,2,No,21,0
DB00411,Jannat Hossain,46,Male,Dhaka,Narayanganj,Masters,Self-employed,89400,Savings,681100,720,Auto,813000,60,10.68,15000,3,No,22,0
DB00412,Nusrat Ahmed,21,Male,Rangpur,Lalmonirhat,Graduate,Business,92000,Savings,248400,620,Education,230000,24,10.44,10580,1,No,26,0
DB00413,Mim Akter,30,Female,Khulna,Satkhira,Graduate,Business,109500,Savings,1074200,618,Home,2430000,60,11.78,45270,0,No,14,0
DB00414,Hossain Rahman,38,Male,Barishal,Jhalokathi,HSC,Salaried,44000,Current,497600,769,Home,2055000,24,9.85,94060,1,No,24,1
DB00415,Nusrat Sultana,34,Female,Dhaka,Gazipur,Graduate,Self-employed,61300,Savings,522600,740,Home,2070000,60,11.5,38470,2,No,22,1
DB00416,Mariya Islam,24,Male,Chattogram,Cox's Bazar,HSC,Business,48400,Salary,561800,829,Auto,770000,84,9.43,10030,3,Yes,23,0
DB00417,Jahid Hasan,40,Male,Rangpur,Nilphamari,HSC,Salaried,42700,Savings,236300,791,Education,520000,24,11.14,24080,2,Yes,19,0
DB00418,Arif Rahman,38,Male,Rangpur,Lalmonirhat,Masters,Salaried,50100,Savings,421400,684,Education,380000,84,12.92,5110,2,No,15,0
DB00419,Rahim Sultana,65,Male,Mymensingh,Mymensingh,HSC,Business,38700,Current,160900,703,Home,1899000,84,11.28,25160,4,No,26,1
DB00420,Sohel Hossain,45,Male,Dhaka,Narayanganj,Graduate,Self-employed,62000,Savings,377800,690,Business,754000,48,13.8,17880,0,No,21,0
DB00421,Nayeem Hasan,27,Male,Sylhet,Sylhet,Masters,Other,84200,Savings,468800,730,Home,2185000,48,13.68,51750,0,No,20,0
DB00422,Mim Akter,35,Male,Dhaka,Narayanganj,Masters,Salaried,52400,Current,501100,642,Business,3278000,240,10.46,15090,4,No,14,1
DB00423,Mariya Hasan,42,Female,Sylhet,Sylhet,Masters,Salaried,48900,Savings,549600,728,Auto,487000,60,12.36,9120,2,No,21,0
DB00424,Hossain Hasan,43,Male,Chattogram,Cox's Bazar,Graduate,Business,75200,Savings,601400,689,Home,3227000,48,13.56,76350,2,Yes,26,1
DB00425,Tania Rahman,22,Female,Dhaka,Faridpur,Graduate,Government,91000,Salary,773300,681,Personal,324000,36,11.14,10000,3,No,8,0
DB00426,Mehedi Chowdhury,30,Female,Barishal,Jhalokathi,Graduate,Salaried,69300,Savings,645400,768,Personal,495000,24,11.46,22990,4,No,18,0
DB00427,Hossain Hasan,28,Male,Chattogram,Noakhali,SSC,Salaried,95400,Current,634900,693,Business,1641000,120,9.56,14980,1,No,21,1
DB00428,Arif Islam,22,Male,Sylhet,Sylhet,Graduate,Self-employed,31200,Current,115900,657,Personal,438000,60,8.3,7910,3,No,15,0
DB00429,Mehedi Chowdhury,24,Male,Dhaka,Tangail,SSC,Salaried,61200,Salary,368400,724,Personal,470000,48,8.98,10670,5,No,26,0
DB00430,Mizan Chowdhury,42,Male,Rajshahi,Naogaon,SSC,Salaried,154400,Salary,479200,686,Business,1147000,36,8.58,34590,1,No,23,0
DB00431,Mariya Akter,28,Female,Rajshahi,Pabna,SSC,Salaried,152600,Savings,831200,734,Personal,252000,120,7.51,2260,4,No,20,0
DB00432,Mizan Ahmed,37,Male,Dhaka,Dhaka,HSC,Self-employed,43700,Salary,245100,716,Home,1095000,24,10.81,50560,1,Yes,21,1
DB00433,Jahid Rahman,42,Male,Dhaka,Narayanganj,Graduate,Business,77800,Savings,812700,738,Auto,270000,60,10.01,4950,0,No,18,0
DB00434,Mehedi Chowdhury,27,Male,Khulna,Satkhira,HSC,Salaried,76800,Savings,813900,676,Personal,539000,180,9.3,3270,0,No,20,0
DB00435,Sohel Khan,40,Male,Dhaka,Gazipur,Graduate,Salaried,52000,Savings,228500,691,Home,2326000,36,10.26,71240,3,No,18,1
DB00436,Sumaiya Islam,38,Male,Rajshahi,Natore,Graduate,Salaried,56600,Savings,169100,649,Auto,696000,12,9.96,63780,2,No,17,0
DB00437,Jahid Akter,37,Female,Chattogram,Cox's Bazar,Masters,Business,67300,Current,613000,604,Education,237000,240,11.3,1100,1,No,23,0
DB00438,Sadia Chowdhury,37,Male,Dhaka,Faridpur,Masters,Business,67600,Current,136800,683,Personal,323000,84,11.02,4270,3,Yes,15,0
DB00439,Shakil Khan,46,Female,Dhaka,Narayanganj,Graduate,Salaried,111400,Salary,1258700,731,Business,1254000,36,10.51,38490,2,No,19,0
DB00440,Sohel Hossain,21,Female,Dhaka,Tangail,Graduate,Business,125400,Savings,814300,690,Home,1504000,120,10.04,13790,0,No,16,0
DB00441,Mariya Sultana,26,Male,Rajshahi,Bogura,Graduate,Government,52400,Savings,325300,633,Personal,977000,36,9.48,29710,0,No,17,0
DB00442,Nayeem Akter,42,Female,Rangpur,Kurigram,Graduate,Business,58400,Savings,403200,598,Home,2794000,48,9.34,63640,1,No,23,1
DB00443,Mehedi Hossain,41,Male,Barishal,Jhalokathi,Graduate,Salaried,65700,Current,694900,721,Home,3712000,60,10.11,68120,0,No,22,1
DB00444,Shakil Islam,39,Male,Khulna,Jashore,HSC,Salaried,24100,Current,227700,747,Personal,691000,84,11.46,9170,3,No,17,0
DB00445,Mehedi Hossain,22,Male,Mymensingh,Sherpur,HSC,Salaried,57100,Salary,153500,736,Home,925000,48,9.15,21030,1,No,24,0
DB00446,Fahim Akter,60,Female,Dhaka,Faridpur,Graduate,Salaried,93100,Savings,266300,685,Business,1678000,48,7.9,37720,4,No,16,0
DB00447,Jahid Rahman,56,Female,Dhaka,Faridpur,Graduate,Salaried,35700,Savings,426500,643,Business,421000,240,14.68,2010,2,No,28,0
DB00448,Imran Rahman,34,Female,Mymensingh,Netrokona,Graduate,Self-employed,29900,Savings,307100,690,Personal,822000,48,9.18,18700,3,No,20,0
DB00449,Ayesha Akter,21,Male,Khulna,Kushtia,Graduate,Government,18300,Salary,136800,736,Home,2310000,48,11.04,53440,3,No,15,1
DB00450,Nayeem Hossain,55,Female,Mymensingh,Jamalpur,Graduate,Government,45900,Savings,534400,745,Personal,457000,36,10.81,14070,0,Yes,20,0
DB00451,Jahid Hossain,44,Male,Barishal,Patuakhali,Masters,Salaried,37300,Salary,412600,752,Home,1432000,84,10.27,18800,1,No,17,1
DB00452,Tanvir Hasan,47,Male,Chattogram,Noakhali,Graduate,Government,91800,Current,650900,651,Home,1838000,84,10.91,24270,2,No,21,0
DB00453,Sohel Khan,39,Male,Dhaka,Tangail,Graduate,Government,49600,Savings,532200,694,Business,433000,84,12.82,5820,3,No,29,0
DB00454,Mim Islam,35,Female,Dhaka,Narayanganj,SSC,Salaried,52300,Savings,360000,759,Business,1403000,120,10.88,12960,2,No,14,1
DB00455,Hasan Akter,28,Male,Dhaka,Narayanganj,Graduate,Salaried,36700,Savings,437100,773,Education,438000,48,11.71,10190,0,No,17,0
DB00456,Rahim Chowdhury,36,Male,Dhaka,Tangail,HSC,Salaried,118000,Salary,586700,684,Auto,434000,36,8.42,13070,2,No,24,0
DB00457,Rahim Hossain,29,Male,Barishal,Bhola,HSC,Government,62300,Salary,235600,765,Personal,599000,36,12.21,18670,3,Yes,10,1
DB00458,Sakib Sultana,48,Female,Dhaka,Narayanganj,Graduate,Self-employed,125100,Salary,1370600,649,Personal,510000,60,9.87,9340,0,No,17,0
DB00459,Sadia Islam,44,Female,Chattogram,Noakhali,Graduate,Government,74800,Current,654400,706,Home,2358000,48,11.72,54880,1,No,16,1
DB00460,Rahim Rahman,43,Male,Dhaka,Narayanganj,Graduate,Self-employed,99300,Savings,995200,635,Education,421000,60,10.53,7760,1,No,18,0
DB00461,Rafi Khan,29,Female,Dhaka,Faridpur,Masters,Salaried,111400,Savings,766000,720,Personal,393000,180,11.35,2430,1,No,25,0
DB00462,Rafi Khan,52,Female,Barishal,Barishal,Graduate,Government,49900,Salary,169900,664,Personal,625000,36,13.08,19630,3,No,24,0
DB00463,Mim Khan,30,Female,Barishal,Pirojpur,Graduate,Business,37500,Savings,283400,620,Auto,444000,180,9.86,2710,5,Yes,13,0
DB00464,Mim Hossain,39,Male,Dhaka,Faridpur,Masters,Salaried,48500,Salary,465500,722,Personal,173000,60,11.16,3210,2,No,15,0
DB00465,Jahid Islam,49,Female,Chattogram,Cox's Bazar,Graduate,Salaried,43000,Savings,446300,675,Auto,828000,48,11.64,19260,4,No,15,0
DB00466,Jannat Hossain,36,Male,Khulna,Jashore,Masters,Self-employed,56400,Salary,421700,643,Education,356000,60,13.21,6720,1,No,15,0
DB00467,Mizan Islam,52,Female,Dhaka,Dhaka,Masters,Self-employed,43700,Current,95400,655,Personal,491000,48,9.2,11170,1,Yes,20,1
DB00468,Sakib Sultana,46,Female,Barishal,Pirojpur,HSC,Salaried,21600,Savings,172100,725,Business,1014000,84,14.36,13800,2,No,18,1
DB00469,Tania Hossain,30,Male,Rajshahi,Bogura,Masters,Self-employed,44900,Savings,146800,646,Auto,534000,60,12.03,9970,3,No,20,0
DB00470,Tanvir Chowdhury,49,Female,Dhaka,Narayanganj,SSC,Self-employed,58700,Savings,524700,717,Education,300000,36,12.8,9400,8,No,14,0
DB00471,Imran Hasan,47,Female,Dhaka,Gazipur,HSC,Business,34400,Salary,135000,653,Home,1323000,60,8.63,23950,1,No,19,1
DB00472,Mariya Hossain,21,Male,Chattogram,Noakhali,Graduate,Business,56700,Current,548100,595,Home,3326000,48,10.69,76700,1,No,13,0
DB00473,Ayesha Rahman,31,Female,Khulna,Khulna,Graduate,Salaried,50300,Salary,333500,654,Personal,580000,60,11.72,10800,2,No,21,1
DB00474,Rahim Hossain,31,Male,Dhaka,Gazipur,Masters,Salaried,123400,Current,798500,698,Personal,711000,60,11.24,13180,4,No,25,0
DB00475,Mariya Sultana,49,Male,Dhaka,Narayanganj,Masters,Salaried,45000,Savings,406800,682,Business,1993000,84,13.41,26910,3,No,23,1
DB00476,Karim Ahmed,26,Male,Rajshahi,Natore,Graduate,Government,48600,Current,261900,655,Auto,1253000,24,8.11,56440,1,No,18,1
DB00477,Mariya Chowdhury,38,Female,Dhaka,Faridpur,Masters,Business,39800,Savings,307500,699,Personal,620000,36,11.57,19210,2,No,7,0
DB00478,Tania Islam,26,Female,Sylhet,Sunamganj,Graduate,Business,38800,Savings,389700,664,Personal,558000,48,10.22,12810,4,No,11,0
DB00479,Mehedi Rahman,41,Male,Dhaka,Narayanganj,Graduate,Self-employed,69400,Current,612800,720,Home,1061000,48,10.86,24500,3,No,31,0
DB00480,Rafi Akter,41,Female,Rangpur,Dinajpur,Graduate,Government,21300,Savings,180400,730,Education,161000,120,10.38,1480,0,No,18,0
DB00481,Mim Akter,40,Male,Rajshahi,Naogaon,Graduate,Government,29500,Current,292800,640,Personal,692000,24,9.34,31530,1,No,12,1
DB00482,Tania Sultana,33,Male,Chattogram,Cox's Bazar,Masters,Business,61800,Salary,465200,747,Auto,374000,60,10.76,6900,1,No,25,0
DB00483,Shakil Chowdhury,42,Female,Rajshahi,Natore,SSC,Salaried,56000,Salary,192600,737,Personal,662000,36,11.83,20560,4,No,10,0
DB00484,Nusrat Akter,27,Female,Mymensingh,Netrokona,HSC,Self-employed,77200,Salary,201100,659,Auto,367000,84,9.35,4780,1,No,21,0
DB00485,Sadia Islam,40,Female,Mymensingh,Mymensingh,Graduate,Government,43700,Salary,98600,661,Education,275000,36,10.34,8430,4,No,19,0
DB00486,Imran Hossain,32,Male,Rajshahi,Naogaon,Graduate,Government,77900,Salary,572500,725,Auto,478000,24,11.21,22150,3,No,16,0
DB00487,Fahim Islam,32,Male,Dhaka,Tangail,HSC,Salaried,46400,Savings,155300,770,Business,2551000,12,12.2,238520,2,No,20,0
DB00488,Sadia Hasan,41,Female,Dhaka,Gazipur,Masters,Government,65600,Salary,387800,735,Education,357000,48,10.54,8220,2,No,23,0
DB00489,Ayesha Hasan,33,Male,Barishal,Bhola,Masters,Self-employed,40200,Savings,390400,653,Education,355000,120,12.61,3330,2,No,18,0
DB00490,Mim Hossain,41,Male,Dhaka,Dhaka,Masters,Business,29400,Salary,258800,692,Personal,590000,240,9.16,2680,3,No,24,0
DB00491,Jahid Ahmed,21,Male,Chattogram,Cox's Bazar,Graduate,Business,61900,Savings,451800,649,Auto,638000,120,11.63,5930,1,No,16,0
DB00492,Mim Chowdhury,35,Female,Dhaka,Narayanganj,Graduate,Business,36300,Savings,103700,713,Personal,341000,180,13.25,2150,4,Yes,10,0
DB00493,Mim Ahmed,31,Male,Khulna,Satkhira,Masters,Other,51700,Salary,601400,745,Education,197000,36,8.62,5940,1,Yes,15,0
DB00494,Nayeem Chowdhury,48,Male,Dhaka,Narayanganj,Graduate,Government,88200,Current,1001000,666,Business,1625000,12,10.82,150070,2,No,20,1
DB00495,Hasan Hasan,25,Female,Barishal,Pirojpur,HSC,Salaried,62000,Salary,588000,725,Personal,718000,84,8.81,9300,1,No,26,0
DB00496,Jahid Hasan,35,Female,Chattogram,Noakhali,Masters,Salaried,39300,Savings,253800,699,Personal,595000,60,11.8,11090,1,No,17,0
DB00497,Rafi Khan,34,Female,Dhaka,Narayanganj,Masters,Business,39000,Savings,402100,720,Business,1361000,36,11.7,42230,1,No,21,0
DB00498,Mariya Akter,36,Male,Chattogram,Chattogram,Graduate,Self-employed,59900,Salary,638100,739,Personal,303000,12,11.86,28240,1,No,18,0
DB00499,Arif Khan,51,Male,Rajshahi,Natore,Graduate,Salaried,46400,Current,324900,624,Personal,459000,180,11.23,2840,4,No,21,0
DB00500,Tania Akter,47,Female,Rajshahi,Pabna,Graduate,Other,100800,Savings,786000,734,Business,2100000,60,12.61,39410,1,No,19,1
DB00501,Mehedi Hasan,40,Female,Rangpur,Nilphamari,SSC,Business,91300,Savings,922500,663,Personal,272000,24,9.88,12450,0,No,16,0
DB00502,Hossain Chowdhury,48,Female,Barishal,Bhola,HSC,Government,95000,Salary,1025300,651,Auto,526000,84,11.34,6970,3,No,17,0
DB00503,Sadia Rahman,53,Female,Dhaka,Gazipur,Graduate,Salaried,39000,Savings,206300,694,Personal,470000,24,11.3,21800,4,No,17,1
DB00504,Karim Ahmed,31,Male,Khulna,Bagerhat,Graduate,Government,46200,Savings,407700,618,Personal,373000,48,9.79,8530,3,No,14,0
DB00505,Sohel Islam,38,Female,Dhaka,Tangail,Graduate,Salaried,67500,Current,205600,785,Home,1522000,24,12.24,71180,4,No,20,0
DB00506,Arif Sultana,32,Female,Dhaka,Narayanganj,HSC,Government,48900,Savings,235600,717,Business,1837000,120,9.22,16720,0,No,24,1
DB00507,Tanvir Rahman,21,Male,Dhaka,Gazipur,HSC,Salaried,38400,Salary,308200,647,Business,1296000,36,12.36,40450,0,No,17,1
DB00508,Hasan Rahman,28,Male,Chattogram,Chattogram,SSC,Business,86300,Salary,333500,722,Home,2019000,84,9.54,26330,1,No,21,1
DB00509,Sumaiya Hasan,40,Male,Dhaka,Gazipur,Graduate,Other,85000,Savings,342200,701,Auto,501000,36,12.31,15630,2,No,22,0
DB00510,Nusrat Ahmed,36,Female,Rajshahi,Pabna,Graduate,Government,69300,Savings,696700,751,Home,2050000,24,13.22,96710,2,No,19,1
DB00511,Sohel Islam,32,Male,Rajshahi,Rajshahi,Graduate,Salaried,113900,Current,592700,670,Auto,481000,24,10.31,22110,0,No,18,0
DB00512,Mariya Sultana,28,Male,Dhaka,Faridpur,Graduate,Salaried,55100,Savings,423300,682,Auto,490000,84,9.3,6380,1,No,22,0
DB00513,Rafi Hasan,46,Male,Rajshahi,Bogura,Graduate,Salaried,84100,Savings,260500,715,Personal,133000,36,12.09,4140,2,No,11,0
DB00514,Karim Islam,45,Female,Barishal,Bhola,Graduate,Business,27500,Salary,190700,726,Business,1504000,48,10.34,34570,0,No,13,1
DB00515,Sohel Rahman,34,Female,Sylhet,Sunamganj,Graduate,Salaried,48900,Savings,112300,759,Education,233000,180,9.78,1420,5,No,26,0
DB00516,Mim Islam,29,Male,Mymensingh,Sherpur,Graduate,Government,99700,Savings,992500,671,Education,450000,48,10.51,10360,2,No,19,0
DB00517,Karim Hossain,33,Male,Barishal,Pirojpur,Masters,Government,16500,Savings,69900,692,Business,1734000,12,10.36,159470,3,No,17,1
DB00518,Jahid Ahmed,49,Female,Barishal,Pirojpur,Masters,Salaried,36300,Salary,301800,781,Home,3546000,12,9.83,324550,4,No,25,1
DB00519,Shakil Hasan,23,Male,Dhaka,Gazipur,Graduate,Salaried,85300,Savings,274400,668,Auto,562000,24,10.33,25840,2,No,18,0
DB00520,Jannat Sultana,44,Male,Khulna,Khulna,Masters,Self-employed,46700,Savings,419300,687,Education,419000,24,13.49,19810,0,No,13,0
DB00521,Ayesha Hossain,38,Female,Dhaka,Narayanganj,SSC,Other,44300,Savings,386300,723,Auto,541000,180,10.73,3330,2,No,22,0
DB00522,Sadia Sultana,39,Male,Dhaka,Tangail,Graduate,Other,25900,Salary,295000,683,Business,1236000,36,10.03,37780,1,No,23,1
DB00523,Arif Chowdhury,40,Female,Mymensingh,Mymensingh,HSC,Salaried,113100,Savings,727400,690,Personal,376000,60,9.98,6890,0,No,23,0
DB00524,Tania Akter,33,Male,Barishal,Bhola,Graduate,Other,24900,Savings,260900,690,Personal,435000,60,10.1,7980,3,Yes,17,0
DB00525,Ayesha Sultana,39,Male,Dhaka,Narayanganj,SSC,Business,43600,Savings,438100,798,Business,830000,36,10.16,25400,3,No,9,0
DB00526,Mim Ahmed,36,Male,Chattogram,Noakhali,Graduate,Salaried,66500,Savings,558000,725,Business,1523000,60,10.15,27960,4,No,16,1
DB00527,Tanvir Sultana,32,Female,Chattogram,Cumilla,Graduate,Business,73200,Salary,263400,762,Personal,528000,84,13.11,7110,5,No,18,0
DB00528,Ayesha Akter,41,Male,Dhaka,Dhaka,Graduate,Other,41900,Salary,161300,779,Personal,710000,60,8.34,12820,5,No,17,0
DB00529,Shakil Khan,39,Male,Mymensingh,Jamalpur,Graduate,Salaried,27300,Savings,129400,742,Personal,403000,60,7.04,7190,0,No,19,0
DB00530,Sakib Sultana,48,Male,Dhaka,Faridpur,Graduate,Government,35200,Savings,386900,638,Auto,903000,48,10.34,20760,0,No,17,0
DB00531,Nayeem Akter,21,Male,Barishal,Barishal,Graduate,Salaried,55900,Savings,136900,701,Business,918000,120,8.95,8330,3,No,20,0
DB00532,Sakib Hasan,34,Female,Chattogram,Chattogram,Graduate,Salaried,45600,Savings,266000,680,Business,798000,180,11.88,4960,1,No,19,0
DB00533,Tania Hossain,40,Male,Rajshahi,Natore,Graduate,Self-employed,35300,Current,323800,644,Personal,341000,36,10.59,10480,0,No,16,0
DB00534,Nusrat Ahmed,29,Female,Dhaka,Narayanganj,HSC,Government,47000,Current,358300,626,Auto,628000,120,13.78,5950,2,Yes,28,0
DB00535,Tania Rahman,45,Male,Dhaka,Dhaka,Graduate,Salaried,40900,Salary,342500,724,Auto,385000,84,10.2,5050,7,Yes,18,0
DB00536,Sumaiya Chowdhury,48,Female,Dhaka,Tangail,Graduate,Salaried,70100,Current,695800,704,Business,515000,60,12.59,9660,4,No,13,0
DB00537,Sohel Hasan,23,Male,Dhaka,Faridpur,Masters,Business,88100,Savings,778900,806,Personal,377000,84,9.04,4890,3,No,27,0
DB00538,Nusrat Khan,32,Male,Mymensingh,Jamalpur,Graduate,Salaried,87200,Savings,342700,722,Personal,379000,48,10.13,8700,3,No,27,0
DB00539,Jahid Akter,38,Male,Chattogram,Noakhali,Graduate,Self-employed,69600,Salary,631900,690,Home,1567000,60,10.49,28860,4,No,20,0
DB00540,Fahim Chowdhury,41,Male,Rangpur,Dinajpur,Graduate,Government,100900,Savings,896900,577,Home,1232000,120,8.8,11170,0,Yes,17,1
DB00541,Tanvir Khan,28,Male,Sylhet,Sylhet,Masters,Self-employed,48300,Salary,487200,641,Business,1952000,240,11.65,9080,1,No,18,1
DB00542,Jahid Hasan,37,Male,Khulna,Bagerhat,Graduate,Business,60000,Savings,636000,584,Personal,650000,60,10.37,11960,2,Yes,17,0
DB00543,Sohel Hasan,42,Male,Dhaka,Dhaka,SSC,Salaried,154600,Current,1127200,708,Personal,757000,24,10.25,34770,2,No,21,0
DB00544,Imran Khan,33,Female,Chattogram,Chattogram,Graduate,Business,68100,Savings,218600,599,Auto,410000,84,9.8,5360,1,No,28,0
DB00545,Imran Hossain,42,Male,Dhaka,Narayanganj,Masters,Business,89800,Savings,1073800,647,Business,994000,36,8.5,29960,0,No,16,0
DB00546,Sakib Akter,48,Male,Khulna,Jashore,Graduate,Salaried,118800,Savings,1340900,654,Personal,475000,48,9.67,10850,3,Yes,19,0
DB00547,Hossain Sultana,28,Male,Chattogram,Cumilla,HSC,Self-employed,30900,Salary,192600,672,Education,174000,240,10.06,800,3,No,13,0
DB00548,Shakil Akter,53,Female,Mymensingh,Mymensingh,Graduate,Salaried,77700,Savings,605000,588,Home,3264000,36,10.64,100310,2,No,16,1
DB00549,Jahid Hossain,31,Female,Dhaka,Gazipur,Graduate,Salaried,49600,Salary,276200,758,Home,1941000,48,10.94,44860,4,No,13,1
DB00550,Mehedi Khan,21,Male,Rajshahi,Bogura,Masters,Other,43800,Savings,143600,691,Home,2773000,36,12.82,86900,0,No,14,1
DB00551,Arif Khan,49,Female,Khulna,Jashore,SSC,Business,55700,Current,380800,730,Home,2136000,12,9.41,194750,1,No,21,1
DB00552,Ayesha Ahmed,26,Male,Mymensingh,Sherpur,Graduate,Salaried,69100,Current,430000,672,Business,740000,36,7.41,22080,3,No,19,0
DB00553,Hasan Rahman,32,Male,Sylhet,Sunamganj,Graduate,Government,41100,Salary,386100,620,Personal,365000,60,11.46,6780,4,No,15,0
DB00554,Sadia Islam,30,Female,Chattogram,Chattogram,Masters,Salaried,53300,Savings,371400,718,Personal,368000,84,10.68,4850,4,No,26,0
DB00555,Karim Khan,37,Male,Sylhet,Sylhet,Graduate,Business,87700,Savings,243100,745,Education,378000,240,10,1730,2,No,11,0
DB00556,Karim Hossain,43,Male,Barishal,Pirojpur,Graduate,Government,64800,Salary,401700,790,Personal,784000,120,10.97,7250,2,No,15,0
DB00557,Jannat Hossain,50,Male,Dhaka,Dhaka,HSC,Business,38500,Savings,339000,708,Auto,660000,24,12.8,31020,3,No,22,0
DB00558,Mizan Chowdhury,44,Male,Rajshahi,Natore,Graduate,Business,34900,Salary,109300,689,Business,3240000,60,10.24,59530,3,No,22,1
DB00559,Karim Khan,40,Female,Barishal,Pirojpur,Graduate,Business,37200,Salary,353600,702,Education,682000,36,13.36,21480,2,No,19,0
DB00560,Nayeem Hossain,30,Male,Dhaka,Narayanganj,HSC,Salaried,72700,Salary,675700,649,Home,2426000,240,8.66,10980,1,No,23,1
DB00561,Fahim Akter,41,Male,Rajshahi,Natore,Graduate,Salaried,49900,Savings,244200,790,Auto,627000,60,10.29,11530,2,No,23,0
DB00562,Rahim Ahmed,28,Female,Dhaka,Faridpur,SSC,Government,39600,Savings,355600,633,Home,2166000,24,9.68,98990,1,No,16,1
DB00563,Hasan Ahmed,41,Female,Dhaka,Dhaka,Graduate,Salaried,55600,Savings,365300,777,Personal,211000,240,10.98,980,3,No,22,0
DB00564,Nayeem Akter,40,Male,Dhaka,Faridpur,HSC,Other,81400,Savings,359200,647,Home,2280000,36,10.85,70200,3,No,26,1
DB00565,Imran Akter,46,Female,Sylhet,Moulvibazar,Graduate,Other,29200,Salary,84000,658,Auto,829000,24,7,36960,1,No,15,1
DB00566,Nayeem Sultana,39,Female,Dhaka,Dhaka,Masters,Self-employed,81000,Savings,214300,687,Business,466000,180,11.15,2880,1,No,18,0
DB00567,Jannat Chowdhury,37,Female,Dhaka,Dhaka,Graduate,Business,186600,Savings,846300,725,Education,282000,48,10.42,6490,0,No,23,0
DB00568,Mim Ahmed,41,Female,Dhaka,Faridpur,Graduate,Government,118400,Current,345600,697,Auto,556000,60,9.49,10150,3,No,19,0
DB00569,Tanvir Chowdhury,34,Female,Rangpur,Rangpur,Graduate,Business,93900,Savings,726000,695,Business,1021000,60,8.37,18440,3,Yes,19,1
DB00570,Shakil Rahman,33,Male,Dhaka,Tangail,Masters,Government,97900,Savings,281000,687,Home,1751000,24,9.29,79740,2,No,21,0
DB00571,Tanvir Islam,28,Male,Khulna,Satkhira,Graduate,Salaried,91100,Salary,509800,643,Auto,540000,84,10.95,7130,3,No,18,0
DB00572,Sadia Ahmed,33,Male,Sylhet,Sylhet,Graduate,Business,88000,Salary,666500,659,Business,970000,60,10.74,17900,1,No,16,0
DB00573,Rahim Chowdhury,43,Male,Dhaka,Faridpur,Graduate,Salaried,25000,Salary,253400,663,Business,992000,120,11.86,9250,1,Yes,18,1
DB00574,Ayesha Chowdhury,39,Male,Khulna,Jashore,HSC,Self-employed,18800,Current,73700,696,Education,327000,120,10.08,3000,3,No,21,0
DB00575,Mariya Khan,41,Female,Mymensingh,Sherpur,Masters,Salaried,37200,Savings,294800,762,Personal,770000,24,10.44,35430,1,No,24,0
DB00576,Sakib Ahmed,43,Male,Dhaka,Tangail,Graduate,Government,36400,Savings,295200,735,Home,1771000,24,12.21,82800,1,No,19,1
DB00577,Tanvir Akter,21,Female,Dhaka,Dhaka,Graduate,Business,83500,Salary,980200,737,Personal,340000,60,8.27,6140,2,No,15,0
DB00578,Sadia Rahman,25,Male,Rajshahi,Bogura,SSC,Salaried,71500,Savings,692700,791,Personal,114000,84,11.07,1510,1,No,19,0
DB00579,Sumaiya Rahman,28,Female,Rajshahi,Bogura,Masters,Other,61700,Current,508300,642,Auto,370000,48,9.94,8470,2,Yes,17,0
DB00580,Rafi Ahmed,39,Male,Rajshahi,Pabna,SSC,Business,50500,Savings,582800,612,Business,985000,48,10.45,22670,6,No,17,0
DB00581,Jannat Hasan,45,Male,Rangpur,Nilphamari,Graduate,Government,54000,Salary,647500,735,Auto,449000,180,11.76,2790,3,No,21,0
DB00582,Mizan Sultana,42,Male,Chattogram,Chattogram,HSC,Government,67900,Current,248800,687,Education,463000,24,10.42,21300,3,No,19,0
DB00583,Tanvir Sultana,29,Female,Sylhet,Sylhet,Graduate,Business,70300,Salary,572300,713,Business,1360000,120,10.84,12560,3,No,14,0
DB00584,Jahid Ahmed,46,Male,Rangpur,Rangpur,Graduate,Salaried,29800,Current,267600,664,Home,2074000,24,10.09,95140,2,No,21,1
DB00585,Jahid Islam,42,Male,Dhaka,Gazipur,Graduate,Business,58300,Savings,515600,684,Auto,611000,120,10.54,5630,4,No,18,0
DB00586,Tania Sultana,48,Male,Dhaka,Dhaka,HSC,Salaried,36100,Salary,74700,690,Home,961000,48,11.17,22260,1,Yes,24,1
DB00587,Mariya Khan,26,Male,Khulna,Bagerhat,Graduate,Self-employed,32100,Savings,316700,680,Personal,321000,120,10.63,2960,1,No,25,0
DB00588,Hossain Ahmed,45,Male,Khulna,Kushtia,Graduate,Salaried,50400,Current,282100,621,Business,783000,48,11.49,18190,2,No,15,0
DB00589,Mehedi Chowdhury,39,Female,Chattogram,Cox's Bazar,HSC,Self-employed,61000,Salary,423000,732,Home,3765000,60,11.72,70100,2,No,17,1
DB00590,Karim Khan,36,Female,Khulna,Bagerhat,Graduate,Self-employed,30200,Savings,277500,723,Home,1210000,36,10.6,37170,3,No,18,0
DB00591,Fahim Sultana,48,Male,Khulna,Bagerhat,Graduate,Salaried,25500,Salary,230800,685,Auto,436000,84,9.73,5700,2,No,18,0
DB00592,Sumaiya Ahmed,32,Male,Dhaka,Narayanganj,HSC,Business,170300,Savings,354300,689,Home,1784000,240,9.14,8110,1,No,22,0
DB00593,Nayeem Hossain,30,Female,Rajshahi,Rajshahi,Graduate,Other,53100,Salary,461200,673,Auto,541000,24,12.44,25350,0,No,18,0
DB00594,Rahim Sultana,40,Male,Dhaka,Gazipur,HSC,Government,91500,Savings,761400,766,Personal,252000,36,14.29,8000,1,No,18,0
DB00595,Arif Ahmed,21,Male,Sylhet,Moulvibazar,SSC,Salaried,55300,Salary,246500,694,Personal,563000,120,10.16,5170,4,No,20,0
DB00596,Hossain Khan,42,Male,Rajshahi,Naogaon,Graduate,Salaried,70900,Current,167300,708,Business,482000,180,13.97,3050,0,No,16,0
DB00597,Jahid Akter,47,Male,Chattogram,Cumilla,Masters,Business,98100,Salary,1110200,614,Personal,394000,84,9.8,5150,0,No,21,0
DB00598,Arif Ahmed,52,Male,Dhaka,Gazipur,Graduate,Self-employed,57400,Salary,375800,623,Auto,649000,60,12.19,12140,1,No,20,0
DB00599,Rahim Chowdhury,21,Female,Sylhet,Sylhet,Graduate,Salaried,81900,Current,740400,657,Personal,541000,12,10.49,49810,3,No,24,0
DB00600,Mariya Chowdhury,34,Male,Chattogram,Cumilla,Graduate,Salaried,42200,Salary,290500,712,Personal,405000,60,10.47,7460,3,No,20,0
DB00601,Ayesha Khan,44,Male,Dhaka,Faridpur,HSC,Self-employed,40900,Current,314000,709,Home,1395000,36,10.58,42850,1,No,19,1
DB00602,Sohel Sultana,22,Male,Dhaka,Gazipur,Graduate,Salaried,90300,Current,966300,632,Business,1644000,240,7.61,7370,2,Yes,23,0
DB00603,Rahim Chowdhury,39,Female,Mymensingh,Netrokona,Graduate,Salaried,103000,Savings,882100,667,Business,1082000,36,12.04,33670,1,No,17,0
DB00604,Rahim Chowdhury,36,Male,Dhaka,Gazipur,Masters,Salaried,88400,Current,905600,777,Business,786000,84,11.52,10440,3,No,18,0
DB00605,Mehedi Sultana,51,Male,Barishal,Barishal,HSC,Salaried,74400,Current,362500,722,Business,1404000,24,10.87,64860,3,No,18,0
DB00606,Jannat Ahmed,23,Male,Khulna,Kushtia,HSC,Government,66000,Current,733700,726,Personal,660000,120,9.18,6000,3,No,19,0
DB00607,Jannat Chowdhury,36,Female,Rangpur,Nilphamari,Graduate,Business,29200,Salary,170900,727,Personal,949000,120,8.89,8610,3,No,23,1
DB00608,Nusrat Khan,43,Male,Dhaka,Faridpur,Masters,Salaried,92800,Salary,392200,663,Personal,300000,60,11.02,5550,1,No,12,0
DB00609,Arif Hasan,32,Female,Mymensingh,Sherpur,SSC,Salaried,75700,Savings,281200,712,Personal,634000,60,9.69,11590,2,No,14,0
DB00610,Sadia Ahmed,42,Male,Khulna,Kushtia,Graduate,Self-employed,71000,Savings,845900,727,Home,1170000,48,12.27,27370,0,Yes,19,1
DB00611,Imran Rahman,30,Female,Khulna,Satkhira,Graduate,Salaried,68000,Savings,273500,671,Home,1667000,60,9.34,30380,0,No,13,1
DB00612,Sadia Chowdhury,25,Male,Chattogram,Noakhali,HSC,Self-employed,74000,Salary,722600,693,Personal,442000,120,9.36,4030,2,No,20,0
DB00613,Sadia Islam,49,Male,Chattogram,Feni,Masters,Business,39400,Savings,429500,664,Personal,409000,84,10.18,5360,2,No,18,0
DB00614,Nusrat Islam,39,Female,Dhaka,Gazipur,HSC,Salaried,86000,Savings,812400,729,Business,2712000,36,10.79,83460,1,No,14,1
DB00615,Ayesha Islam,23,Female,Dhaka,Tangail,HSC,Salaried,77900,Savings,218900,680,Personal,467000,48,9.7,10670,0,No,26,0
DB00616,Hasan Hossain,29,Male,Sylhet,Sylhet,HSC,Business,116400,Salary,1373500,663,Personal,438000,48,10.11,10050,2,No,15,0
DB00617,Rafi Akter,30,Male,Rangpur,Kurigram,Masters,Salaried,60900,Current,237200,741,Business,1118000,60,11.69,20810,1,No,28,0
DB00618,Mariya Akter,49,Male,Sylhet,Sylhet,Graduate,Government,39200,Savings,457200,743,Auto,633000,36,10,19340,0,No,20,0
DB00619,Nayeem Akter,51,Male,Mymensingh,Sherpur,Graduate,Salaried,51400,Current,170800,739,Business,732000,36,8.65,22090,0,Yes,20,0
DB00620,Nusrat Islam,51,Male,Dhaka,Gazipur,HSC,Salaried,19300,Salary,49800,675,Business,1473000,24,12.46,69020,3,Yes,13,1
DB00621,Rahim Chowdhury,42,Male,Rangpur,Nilphamari,HSC,Salaried,59100,Savings,291600,726,Personal,336000,120,7.81,3020,0,Yes,20,0
DB00622,Fahim Hasan,38,Female,Barishal,Bhola,Graduate,Business,69400,Salary,819100,675,Business,1467000,24,9.32,66820,3,Yes,21,1
DB00623,Imran Chowdhury,44,Female,Mymensingh,Netrokona,Graduate,Salaried,66000,Current,703200,642,Auto,479000,240,10.94,2210,2,No,19,0
DB00624,Jahid Khan,47,Male,Rajshahi,Naogaon,Graduate,Government,46600,Current,515600,594,Business,1390000,24,12.5,65160,1,No,21,0
DB00625,Shakil Hossain,31,Male,Chattogram,Feni,Graduate,Business,68300,Salary,248200,628,Home,1165000,36,13.53,36740,4,No,19,1
DB00626,Jannat Hasan,21,Male,Khulna,Bagerhat,Graduate,Salaried,43600,Salary,148300,836,Personal,151000,180,10.06,920,1,No,17,0
DB00627,Tanvir Sultana,32,Male,Rangpur,Dinajpur,Masters,Salaried,77000,Current,516800,730,Education,219000,36,11.02,6750,1,No,18,0
DB00628,Sumaiya Ahmed,42,Male,Khulna,Jashore,Masters,Salaried,51600,Savings,572800,768,Personal,581000,180,9.89,3550,2,No,17,0
DB00629,Hossain Chowdhury,24,Male,Dhaka,Tangail,Graduate,Business,33600,Current,163400,726,Home,1535000,36,11.4,47500,3,No,22,1
DB00630,Hossain Chowdhury,43,Male,Khulna,Bagerhat,Masters,Salaried,39900,Savings,190700,700,Personal,458000,120,10.17,4200,1,No,21,0
DB00631,Karim Khan,41,Female,Dhaka,Dhaka,Graduate,Salaried,65700,Savings,610500,700,Personal,579000,36,11.09,17870,4,Yes,16,0
DB00632,Sadia Ahmed,49,Female,Chattogram,Cumilla,HSC,Government,67300,Savings,759100,764,Auto,1198000,48,10.24,27510,1,No,14,1
DB00633,Sakib Ahmed,49,Male,Khulna,Bagerhat,Graduate,Salaried,44500,Savings,437600,758,Home,1056000,36,11.19,32620,3,No,12,0
DB00634,Imran Rahman,30,Female,Rangpur,Rangpur,Masters,Government,45600,Savings,159000,711,Home,1534000,36,8.7,46320,2,No,17,0
DB00635,Rahim Khan,46,Female,Dhaka,Narayanganj,Graduate,Self-employed,45800,Salary,524400,689,Personal,305000,60,9.14,5550,1,No,14,0
DB00636,Arif Islam,34,Female,Dhaka,Gazipur,HSC,Business,69900,Current,632400,741,Auto,1000000,120,12.03,9340,2,No,22,0
DB00637,Ayesha Hossain,32,Female,Rajshahi,Naogaon,Graduate,Salaried,143800,Current,1175300,657,Personal,406000,120,11.6,3780,3,No,16,0
DB00638,Mariya Chowdhury,50,Female,Chattogram,Chattogram,Masters,Salaried,111700,Savings,1334400,587,Business,503000,24,7,22430,5,No,21,0
DB00639,Rafi Rahman,38,Male,Dhaka,Dhaka,HSC,Business,33200,Savings,348200,683,Auto,563000,84,9.45,7340,1,No,17,0
DB00640,Karim Hasan,41,Female,Rangpur,Dinajpur,SSC,Self-employed,52700,Salary,529300,697,Home,1940000,24,7,86490,1,No,21,1
DB00641,Arif Hasan,40,Female,Sylhet,Sunamganj,Masters,Salaried,60200,Salary,444800,729,Home,2040000,24,10.46,93890,2,No,28,0
DB00642,Arif Chowdhury,21,Male,Chattogram,Chattogram,Graduate,Government,35900,Savings,124700,667,Personal,366000,48,11.15,8480,3,No,20,0
DB00643,Rafi Hasan,34,Female,Dhaka,Tangail,Graduate,Self-employed,92000,Salary,620300,743,Auto,428000,24,10.7,19740,1,Yes,22,0
DB00644,Rafi Akter,29,Male,Dhaka,Tangail,Graduate,Government,79200,Current,706700,716,Education,143000,48,12.93,3360,2,No,17,0
DB00645,Karim Khan,41,Male,Rangpur,Dinajpur,HSC,Salaried,37300,Current,113300,653,Business,1208000,48,9.54,27570,1,No,19,0
DB00646,Imran Hossain,34,Male,Dhaka,Faridpur,Masters,Government,46600,Savings,195700,811,Home,1850000,48,11.78,43080,3,No,19,1
DB00647,Sadia Khan,45,Female,Chattogram,Cumilla,HSC,Salaried,49700,Savings,492200,728,Auto,790000,240,9.31,3600,3,No,25,0
DB00648,Sakib Islam,25,Female,Barishal,Bhola,Graduate,Salaried,94500,Savings,440100,621,Auto,588000,60,11.17,10890,3,No,23,0
DB00649,Karim Hasan,41,Male,Dhaka,Dhaka,Masters,Salaried,46500,Savings,253300,733,Auto,414000,36,8.19,12440,2,No,20,0
DB00650,Sadia Khan,49,Male,Dhaka,Faridpur,Masters,Government,69900,Savings,216800,705,Personal,595000,60,9.48,10860,2,No,19,0
DB00651,Mim Rahman,44,Female,Khulna,Jashore,Graduate,Government,50000,Savings,228200,725,Personal,251000,60,9.56,4580,0,No,19,0
DB00652,Jannat Ahmed,42,Female,Khulna,Jashore,Masters,Other,40600,Savings,143500,653,Business,1243000,36,10.05,38000,5,No,13,1
DB00653,Karim Hossain,39,Male,Rangpur,Nilphamari,HSC,Business,50900,Savings,353200,815,Auto,703000,36,8.02,21090,1,Yes,22,0
DB00654,Ayesha Khan,56,Female,Mymensingh,Jamalpur,Masters,Business,78900,Salary,475500,711,Personal,522000,36,10.08,15960,1,No,16,0
DB00655,Arif Rahman,31,Male,Sylhet,Moulvibazar,SSC,Salaried,81800,Salary,697000,645,Home,1563000,12,11.84,145670,1,No,19,1
DB00656,Rahim Hossain,44,Male,Rangpur,Kurigram,HSC,Business,115300,Savings,1317500,621,Auto,707000,180,12.44,4420,1,No,19,0
DB00657,Jannat Sultana,42,Male,Dhaka,Narayanganj,HSC,Self-employed,90800,Savings,305200,660,Auto,821000,84,10.02,10750,2,No,20,0
DB00658,Mariya Chowdhury,38,Male,Dhaka,Tangail,Masters,Salaried,42500,Current,358800,729,Business,1128000,60,12.23,21100,3,No,15,0
DB00659,Jahid Chowdhury,32,Male,Dhaka,Faridpur,Graduate,Salaried,26600,Savings,100600,597,Personal,397000,240,9.32,1810,1,No,16,1
DB00660,Arif Chowdhury,42,Female,Dhaka,Gazipur,Masters,Business,67400,Savings,400800,600,Business,1532000,24,9.1,69640,3,Yes,23,1
DB00661,Rafi Hasan,52,Male,Dhaka,Dhaka,HSC,Salaried,87700,Current,485900,668,Auto,678000,180,7.16,4040,3,Yes,21,0
DB00662,Jannat Hossain,39,Male,Khulna,Jashore,Masters,Self-employed,86100,Current,524500,617,Personal,441000,120,9.02,4010,0,No,22,0
DB00663,Jahid Rahman,44,Male,Rajshahi,Naogaon,Graduate,Business,135200,Salary,403000,798,Home,1649000,24,11.02,76280,3,No,17,0
DB00664,Sadia Sultana,21,Female,Dhaka,Dhaka,Masters,Other,69100,Savings,454000,705,Business,720000,60,9.5,13140,3,No,18,0
DB00665,Sakib Akter,40,Male,Dhaka,Dhaka,HSC,Government,89000,Salary,475700,672,Business,1252000,36,8.5,37730,1,No,21,0
DB00666,Fahim Rahman,48,Male,Khulna,Jashore,HSC,Government,34100,Current,246000,689,Personal,377000,180,12.2,2350,2,No,16,0
DB00667,Jannat Chowdhury,23,Male,Khulna,Satkhira,Graduate,Salaried,50100,Savings,559400,732,Home,2130000,48,13.56,50390,3,No,18,1
DB00668,Rahim Sultana,43,Female,Rangpur,Kurigram,Graduate,Salaried,55800,Savings,163700,669,Personal,406000,36,8.74,12260,2,No,11,0
DB00669,Jannat Hasan,35,Male,Rajshahi,Bogura,Graduate,Government,29400,Savings,137800,674,Personal,288000,240,12.97,1360,3,No,19,0
DB00670,Sakib Rahman,32,Female,Dhaka,Dhaka,Graduate,Salaried,36300,Salary,93700,645,Business,1263000,60,10.3,23220,3,No,18,1
DB00671,Tania Akter,45,Male,Dhaka,Tangail,SSC,Business,51600,Savings,419200,574,Business,506000,240,11.59,2350,4,No,20,0
DB00672,Fahim Akter,40,Male,Rangpur,Rangpur,Graduate,Salaried,78900,Savings,405300,728,Home,2290000,240,8.29,10330,3,Yes,6,1
DB00673,Sadia Islam,35,Male,Barishal,Patuakhali,HSC,Government,47400,Savings,247400,686,Business,1355000,60,7.94,24380,1,No,24,0
DB00674,Mim Hasan,40,Female,Mymensingh,Sherpur,Masters,Self-employed,89600,Salary,1052700,694,Personal,456000,180,11.63,2830,1,No,9,0
DB00675,Jahid Ahmed,36,Female,Dhaka,Narayanganj,HSC,Salaried,75200,Salary,639000,651,Auto,631000,36,11.47,19540,3,No,25,0
DB00676,Fahim Hossain,43,Male,Rajshahi,Naogaon,HSC,Salaried,54500,Salary,263400,790,Personal,420000,12,12.13,39250,3,No,21,0
DB00677,Ayesha Akter,31,Female,Mymensingh,Netrokona,Graduate,Business,44900,Salary,96800,696,Business,1251000,84,10.05,16390,3,No,24,1
DB00678,Sohel Khan,31,Male,Chattogram,Feni,HSC,Business,33500,Savings,364500,581,Education,260000,48,10.1,5960,3,No,16,1
DB00679,Tania Khan,32,Female,Barishal,Patuakhali,Graduate,Self-employed,65700,Current,334000,626,Business,3306000,36,7,98260,3,No,22,1
DB00680,Mim Sultana,37,Female,Dhaka,Dhaka,Graduate,Salaried,36300,Savings,97600,643,Home,1539000,60,12.47,28850,0,No,28,1
DB00681,Ayesha Hossain,37,Female,Chattogram,Chattogram,Masters,Business,76900,Savings,269900,640,Personal,389000,36,11.69,12070,1,No,24,0
DB00682,Sohel Rahman,28,Female,Khulna,Jashore,Graduate,Salaried,57100,Salary,185700,765,Auto,979000,36,10.26,29980,3,No,20,0
DB00683,Imran Hasan,32,Male,Chattogram,Chattogram,Masters,Business,166500,Salary,917400,761,Business,1336000,60,12.15,24970,1,No,18,0
DB00684,Sadia Akter,45,Male,Chattogram,Cumilla,HSC,Business,37900,Salary,271000,710,Business,793000,48,8.45,17920,0,No,15,0
DB00685,Mariya Akter,36,Male,Rangpur,Rangpur,Graduate,Business,42400,Savings,484800,723,Home,1444000,84,10.29,18960,2,Yes,22,1
DB00686,Tanvir Akter,28,Male,Rangpur,Nilphamari,Graduate,Self-employed,26300,Savings,143000,804,Personal,347000,48,12.6,8140,0,No,15,0
DB00687,Sohel Hossain,31,Male,Chattogram,Cumilla,Graduate,Government,87000,Savings,495500,652,Personal,614000,120,10.89,5670,0,No,11,0
DB00688,Sumaiya Hasan,44,Male,Khulna,Jashore,Masters,Other,93100,Current,698900,670,Home,3381000,120,10.68,31180,0,Yes,11,1
DB00689,Shakil Islam,37,Male,Khulna,Kushtia,Masters,Self-employed,45900,Salary,200900,652,Home,3363000,240,9.01,15280,2,No,20,0
DB00690,Jahid Sultana,45,Male,Rangpur,Nilphamari,Graduate,Government,59800,Salary,710500,729,Auto,476000,36,11.68,14770,2,No,14,0
DB00691,Rafi Khan,40,Female,Rajshahi,Rajshahi,Masters,Self-employed,48500,Savings,211800,802,Personal,585000,12,10.4,53820,2,No,15,0
DB00692,Imran Khan,55,Female,Chattogram,Feni,HSC,Self-employed,40000,Current,449000,671,Business,1080000,36,13.28,33980,4,Yes,17,1
DB00693,Jannat Sultana,58,Female,Dhaka,Gazipur,Graduate,Self-employed,20800,Savings,84000,672,Personal,931000,84,11.66,12380,3,Yes,21,1
DB00694,Shakil Ahmed,25,Female,Dhaka,Faridpur,Graduate,Salaried,36900,Savings,282100,689,Personal,1761000,180,11.74,10930,3,No,19,1
DB00695,Mariya Ahmed,21,Female,Rajshahi,Natore,Graduate,Salaried,30400,Savings,91800,768,Personal,413000,240,10.54,1900,1,No,18,0
DB00696,Mehedi Khan,25,Female,Dhaka,Faridpur,Graduate,Business,16900,Savings,199800,674,Business,1948000,60,9.46,35540,1,No,23,1
DB00697,Imran Akter,34,Male,Rajshahi,Rajshahi,Graduate,Salaried,69000,Salary,744000,654,Personal,673000,60,12.04,12570,1,No,15,0
DB00698,Rafi Sultana,50,Male,Chattogram,Noakhali,Masters,Government,77700,Savings,918800,698,Business,812000,60,11.51,15090,2,No,26,0
DB00699,Rahim Hossain,40,Male,Dhaka,Faridpur,HSC,Salaried,27000,Savings,196800,654,Personal,589000,36,12.6,18420,4,No,19,0
DB00700,Mehedi Khan,38,Male,Khulna,Satkhira,Masters,Salaried,103100,Salary,655900,671,Auto,402000,60,12.13,7510,3,No,14,0
DB00701,Arif Akter,35,Male,Sylhet,Moulvibazar,Graduate,Business,36400,Salary,301300,646,Business,1828000,36,8.4,55040,1,Yes,26,0
DB00702,Sohel Ahmed,42,Male,Dhaka,Faridpur,Masters,Business,61400,Current,324500,718,Auto,575000,240,11.54,2670,2,No,23,0
DB00703,Tania Chowdhury,32,Male,Rangpur,Nilphamari,Graduate,Business,64400,Salary,628900,671,Auto,568000,36,11.5,17590,1,No,11,0
DB00704,Arif Chowdhury,36,Male,Mymensingh,Jamalpur,Masters,Other,20700,Savings,56700,719,Home,2102000,84,10.24,27590,1,Yes,29,1
DB00705,Mariya Rahman,43,Female,Barishal,Barishal,Graduate,Salaried,49600,Savings,425700,574,Auto,331000,60,10.61,6100,4,No,20,0
DB00706,Fahim Chowdhury,44,Female,Chattogram,Noakhali,HSC,Government,28500,Savings,301000,601,Business,3564000,60,12.57,66870,0,No,17,1
DB00707,Mehedi Hasan,43,Female,Khulna,Jashore,Graduate,Business,46800,Savings,245700,748,Auto,766000,60,10.59,14120,4,No,14,0
DB00708,Tania Rahman,37,Female,Chattogram,Cumilla,Masters,Government,35500,Savings,233100,719,Auto,328000,240,10.13,1510,1,No,21,0
DB00709,Sohel Hasan,39,Female,Chattogram,Chattogram,HSC,Self-employed,36600,Savings,169000,727,Personal,148000,36,11.15,4570,2,No,22,0
DB00710,Nayeem Rahman,48,Male,Sylhet,Habiganj,Graduate,Government,67800,Savings,154300,642,Personal,346000,60,9.41,6310,2,No,15,0
DB00711,Sakib Khan,45,Male,Dhaka,Gazipur,Graduate,Self-employed,49400,Salary,131400,777,Personal,236000,60,9.36,4300,1,No,15,0
DB00712,Nusrat Sultana,25,Female,Mymensingh,Jamalpur,HSC,Government,79900,Salary,470800,669,Business,1692000,84,10.69,22300,0,No,22,0
DB00713,Mehedi Hossain,38,Female,Rangpur,Lalmonirhat,HSC,Salaried,91500,Current,550100,635,Auto,1215000,60,11.05,22490,1,No,17,0
DB00714,Nusrat Islam,34,Male,Chattogram,Feni,SSC,Salaried,91600,Savings,639600,739,Auto,1089000,36,10.7,33490,3,No,24,0
DB00715,Rahim Akter,40,Male,Rajshahi,Naogaon,Graduate,Self-employed,119400,Salary,661000,719,Education,258000,48,12.6,6050,2,No,20,0
DB00716,Mariya Akter,23,Male,Dhaka,Dhaka,Masters,Salaried,51700,Savings,564300,606,Personal,237000,24,7.73,10640,3,No,18,0
DB00717,Arif Hossain,38,Female,Khulna,Kushtia,Graduate,Salaried,63900,Savings,244600,761,Business,1118000,60,10.69,20630,1,No,14,0
DB00718,Mehedi Hasan,44,Male,Rajshahi,Natore,Graduate,Self-employed,43600,Salary,179000,646,Personal,408000,24,8.67,18470,1,No,19,0
DB00719,Imran Hossain,36,Male,Sylhet,Moulvibazar,Graduate,Other,54700,Savings,427300,760,Personal,463000,120,10.22,4250,0,No,21,0
DB00720,Mehedi Hossain,39,Male,Chattogram,Cumilla,HSC,Salaried,57300,Savings,404900,722,Personal,347000,60,12,6480,4,No,19,0
DB00721,Sumaiya Rahman,43,Male,Mymensingh,Netrokona,Masters,Salaried,44200,Savings,408300,757,Business,1011000,12,9.49,92250,2,No,15,0
DB00722,Fahim Hasan,45,Male,Dhaka,Faridpur,Graduate,Government,39000,Current,394600,728,Personal,586000,36,10,17910,0,No,17,0
DB00723,Tanvir Chowdhury,41,Male,Rajshahi,Naogaon,HSC,Business,57200,Current,356500,711,Auto,780000,60,13.37,14740,1,No,19,0
DB00724,Jahid Ahmed,34,Male,Sylhet,Moulvibazar,SSC,Salaried,72100,Current,190300,602,Business,752000,24,8.21,33910,2,No,23,0
DB00725,Jahid Ahmed,40,Female,Barishal,Jhalokathi,Graduate,Other,91700,Current,549700,600,Home,1880000,240,12.1,8780,2,No,20,0
DB00726,Rahim Islam,35,Male,Rajshahi,Rajshahi,Masters,Government,25300,Savings,299800,710,Business,1444000,84,10.22,18950,1,No,26,1
DB00727,Sumaiya Sultana,26,Male,Rangpur,Rangpur,Graduate,Self-employed,49100,Savings,466800,611,Personal,839000,48,7.38,18770,1,No,15,0
DB00728,Sohel Ahmed,46,Female,Mymensingh,Sherpur,Masters,Salaried,27000,Salary,228800,638,Business,2973000,12,7.84,267170,2,No,13,1
DB00729,Shakil Hossain,41,Female,Khulna,Khulna,Masters,Salaried,49300,Savings,221300,773,Education,489000,120,9.36,4460,2,No,22,0
DB00730,Jannat Islam,38,Male,Rangpur,Kurigram,Masters,Salaried,28200,Savings,91700,748,Business,955000,48,11.61,22210,2,Yes,22,0
DB00731,Rahim Akter,38,Male,Dhaka,Dhaka,Masters,Salaried,47300,Savings,523100,646,Personal,1103000,120,11.02,10200,1,No,27,0
DB00732,Shakil Sultana,50,Female,Dhaka,Dhaka,HSC,Government,46900,Savings,354600,665,Business,1702000,120,12.53,15960,2,No,19,1
DB00733,Tanvir Khan,46,Female,Rangpur,Nilphamari,Graduate,Government,52000,Savings,243700,832,Home,2018000,60,11.52,37510,1,Yes,22,1
DB00734,Ayesha Akter,44,Male,Dhaka,Narayanganj,Masters,Self-employed,143400,Savings,1318400,718,Education,392000,36,9.42,11910,3,No,19,0
DB00735,Tanvir Ahmed,40,Male,Barishal,Jhalokathi,SSC,Self-employed,15000,Savings,169300,711,Personal,490000,240,8,2200,4,No,25,0
DB00736,Jannat Hasan,47,Female,Mymensingh,Netrokona,Graduate,Salaried,105300,Savings,929900,648,Personal,176000,48,8.68,3980,2,No,17,0
DB00737,Jannat Hossain,39,Male,Khulna,Bagerhat,Masters,Government,43100,Savings,154900,711,Education,429000,24,11.46,19920,1,No,25,0
DB00738,Tanvir Islam,24,Male,Dhaka,Gazipur,HSC,Business,55900,Current,386700,571,Personal,441000,60,10.32,8110,1,No,20,0
DB00739,Tania Rahman,35,Male,Khulna,Satkhira,SSC,Business,141800,Current,609700,653,Personal,432000,240,9.57,1970,2,No,21,0
DB00740,Hasan Islam,44,Male,Rangpur,Lalmonirhat,Graduate,Salaried,64400,Savings,200200,737,Business,1190000,60,11.99,22210,1,No,15,0
DB00741,Tanvir Sultana,23,Female,Rajshahi,Naogaon,HSC,Government,74000,Savings,719400,722,Personal,514000,60,8.26,9270,0,No,12,0
DB00742,Sakib Hossain,30,Female,Rajshahi,Natore,HSC,Salaried,39800,Salary,438000,658,Auto,338000,24,10,15490,1,No,19,0
DB00743,Mehedi Akter,35,Male,Chattogram,Noakhali,Graduate,Self-employed,118600,Current,238600,747,Personal,333000,48,10.17,7640,1,No,23,0
DB00744,Hossain Islam,23,Male,Dhaka,Gazipur,Graduate,Government,51200,Salary,431800,726,Auto,447000,84,10.5,5880,2,No,22,0
DB00745,Mim Khan,44,Male,Dhaka,Gazipur,Graduate,Other,78900,Current,219700,806,Home,2497000,24,8.59,112980,1,No,17,0
DB00746,Mizan Chowdhury,36,Female,Rajshahi,Natore,Masters,Government,99200,Savings,473200,524,Personal,603000,48,9.34,13740,1,No,15,0
DB00747,Mehedi Hossain,28,Male,Rangpur,Dinajpur,Graduate,Other,34400,Savings,244300,698,Business,1168000,36,9.92,35660,1,No,19,1
DB00748,Sohel Hasan,49,Male,Dhaka,Faridpur,Masters,Government,70300,Savings,516500,728,Business,2570000,60,12.83,48330,0,No,13,0
DB00749,Sadia Khan,44,Female,Rangpur,Dinajpur,Graduate,Salaried,37100,Savings,190800,716,Personal,314000,24,10.55,14460,6,No,22,0
DB00750,Sadia Hossain,38,Male,Khulna,Satkhira,Graduate,Salaried,29100,Savings,277500,568,Business,1594000,36,9.72,48580,1,No,21,1
DB00751,Sakib Khan,38,Male,Chattogram,Chattogram,Graduate,Self-employed,65100,Salary,459500,712,Personal,522000,60,7,9310,0,No,18,0
DB00752,Rahim Hossain,29,Male,Rangpur,Kurigram,Graduate,Government,40300,Savings,291400,742,Home,1877000,48,8.5,42430,3,No,24,1
DB00753,Fahim Hossain,55,Male,Mymensingh,Jamalpur,HSC,Salaried,102600,Savings,1092900,697,Personal,684000,120,9.77,6260,2,No,18,0
DB00754,Jannat Akter,48,Male,Dhaka,Narayanganj,Graduate,Business,44800,Salary,411200,659,Auto,1637000,36,11.85,50860,0,No,25,0
DB00755,Shakil Chowdhury,43,Male,Chattogram,Cumilla,SSC,Government,63700,Salary,400300,720,Personal,998000,36,11.56,30930,6,No,15,0
DB00756,Sumaiya Khan,51,Female,Barishal,Jhalokathi,Graduate,Self-employed,43400,Savings,198700,708,Auto,637000,120,9.54,5810,2,No,24,0
DB00757,Nusrat Chowdhury,28,Male,Dhaka,Gazipur,SSC,Business,48100,Savings,106500,686,Education,248000,36,9.96,7580,1,No,19,0
DB00758,Nusrat Hossain,22,Female,Dhaka,Faridpur,Graduate,Self-employed,125400,Savings,254800,769,Auto,798000,48,12.66,18730,1,No,18,0
DB00759,Shakil Sultana,40,Female,Dhaka,Narayanganj,Graduate,Self-employed,41500,Salary,386500,607,Business,1730000,60,12.48,32430,2,No,19,0
DB00760,Rahim Hossain,45,Female,Chattogram,Cumilla,SSC,Government,69200,Savings,734600,761,Home,3082000,84,10.65,40600,1,Yes,22,1
DB00761,Hasan Islam,32,Female,Dhaka,Dhaka,Graduate,Salaried,27900,Salary,268500,652,Business,1243000,12,10.5,114460,6,No,18,1
DB00762,Mizan Rahman,44,Female,Dhaka,Tangail,SSC,Self-employed,161500,Savings,1531300,678,Personal,459000,36,9.61,13980,5,No,15,0
DB00763,Fahim Sultana,38,Male,Khulna,Kushtia,Graduate,Self-employed,40200,Savings,157100,585,Auto,709000,60,10.4,13050,2,Yes,15,0
DB00764,Rafi Hasan,57,Female,Dhaka,Faridpur,SSC,Business,110100,Savings,715400,723,Education,277000,180,10.53,1700,0,No,18,0
DB00765,Hossain Khan,39,Male,Sylhet,Sylhet,Graduate,Other,66400,Savings,680900,670,Auto,486000,48,10.08,11150,1,No,13,0
DB00766,Tanvir Sultana,34,Male,Dhaka,Gazipur,Graduate,Salaried,30500,Salary,124600,701,Business,692000,36,13.24,21770,2,Yes,21,1
DB00767,Nayeem Islam,40,Male,Chattogram,Cumilla,Graduate,Salaried,31400,Savings,222700,734,Home,2757000,36,10.45,84590,2,No,22,1
DB00768,Imran Hossain,39,Male,Rajshahi,Rajshahi,HSC,Salaried,51300,Savings,120000,672,Education,358000,36,9.83,10920,6,Yes,16,0
DB00769,Arif Hasan,21,Male,Dhaka,Faridpur,Graduate,Salaried,31000,Savings,137000,657,Personal,151000,36,9.97,4610,3,No,15,0
DB00770,Nayeem Sultana,33,Male,Mymensingh,Sherpur,HSC,Salaried,41100,Savings,98500,774,Auto,557000,84,9.47,7260,2,Yes,20,1
DB00771,Mariya Akter,40,Male,Sylhet,Habiganj,Graduate,Government,37200,Current,426800,699,Personal,313000,60,10.23,5750,2,No,22,0
DB00772,Sohel Ahmed,46,Male,Rangpur,Lalmonirhat,Graduate,Business,35700,Current,215800,706,Personal,365000,24,11.7,16990,0,No,18,0
DB00773,Hasan Chowdhury,28,Male,Dhaka,Faridpur,Masters,Other,76400,Savings,603300,770,Personal,607000,240,8.11,2730,2,No,19,0
DB00774,Mim Islam,23,Female,Rajshahi,Naogaon,Masters,Business,28200,Savings,282200,690,Home,1090000,48,8.81,24710,3,No,16,0
DB00775,Nusrat Khan,32,Male,Barishal,Patuakhali,Graduate,Other,91500,Savings,243900,732,Business,998000,240,9.48,4550,4,No,15,0
DB00776,Tania Rahman,49,Male,Sylhet,Habiganj,HSC,Business,45900,Current,227600,713,Education,382000,36,11.04,11780,4,No,27,0
DB00777,Nusrat Akter,50,Male,Rangpur,Nilphamari,Masters,Government,105500,Savings,1234600,736,Education,394000,60,13.13,7430,1,No,24,0
DB00778,Karim Hasan,42,Female,Sylhet,Moulvibazar,HSC,Salaried,38800,Current,255100,645,Personal,246000,12,11.84,22930,2,No,19,0
DB00779,Shakil Khan,49,Female,Rajshahi,Naogaon,HSC,Self-employed,100200,Savings,1177500,741,Personal,342000,84,11.18,4530,4,No,26,0
DB00780,Mariya Akter,43,Male,Rajshahi,Natore,Graduate,Government,49800,Savings,287200,737,Auto,1561000,48,10.32,35880,5,Yes,22,1
DB00781,Jannat Akter,42,Male,Khulna,Jashore,HSC,Salaried,83400,Savings,992500,625,Auto,455000,12,11.09,42120,2,Yes,17,0
DB00782,Sakib Hossain,21,Female,Chattogram,Cox's Bazar,Masters,Other,38800,Savings,379900,610,Personal,447000,48,8.72,10120,2,No,19,0
DB00783,Karim Chowdhury,34,Male,Sylhet,Moulvibazar,HSC,Business,108500,Savings,745100,746,Auto,647000,60,11.77,12050,2,No,22,0
DB00784,Ayesha Chowdhury,34,Male,Dhaka,Faridpur,Graduate,Government,58100,Savings,429000,611,Personal,473000,48,11.49,10990,3,No,23,0
DB00785,Mizan Akter,21,Female,Mymensingh,Sherpur,SSC,Self-employed,63700,Savings,710300,749,Business,943000,36,8,28290,3,No,27,0
DB00786,Shakil Hossain,34,Male,Rangpur,Dinajpur,HSC,Salaried,57300,Savings,488000,775,Auto,993000,24,9.27,45210,2,No,10,0
DB00787,Mim Chowdhury,41,Male,Chattogram,Feni,Masters,Business,192800,Salary,1409900,692,Personal,469000,84,8.9,6080,2,No,20,0
DB00788,Nusrat Hossain,31,Male,Rajshahi,Natore,Masters,Salaried,101200,Savings,1148900,762,Auto,651000,180,12.87,4080,3,No,16,0
DB00789,Sakib Rahman,31,Male,Rajshahi,Naogaon,Graduate,Salaried,48000,Savings,355600,730,Personal,489000,120,7.99,4400,2,No,20,0
DB00790,Sohel Hasan,41,Male,Dhaka,Tangail,Graduate,Government,56500,Savings,516700,660,Personal,444000,36,7.38,13240,1,No,18,0
DB00791,Tania Akter,48,Male,Barishal,Jhalokathi,Graduate,Salaried,42100,Current,252300,673,Personal,337000,48,9.4,7680,0,Yes,26,0
DB00792,Ayesha Hasan,38,Female,Sylhet,Sylhet,Masters,Salaried,30200,Salary,123800,656,Home,2729000,180,10.19,16710,3,No,16,1
DB00793,Karim Akter,33,Male,Chattogram,Chattogram,SSC,Government,61100,Salary,603700,671,Home,1266000,180,12.21,7890,3,Yes,18,0
DB00794,Mizan Khan,21,Female,Dhaka,Gazipur,Graduate,Business,28000,Salary,68100,575,Personal,622000,180,10.47,3820,1,No,23,1
DB00795,Mizan Islam,51,Male,Khulna,Jashore,Masters,Salaried,61500,Savings,694900,636,Education,184000,180,7.22,1100,2,No,11,0
DB00796,Imran Akter,51,Male,Mymensingh,Jamalpur,Graduate,Self-employed,101800,Savings,246500,703,Personal,425000,12,12.98,40010,0,No,19,0
DB00797,Shakil Akter,51,Male,Dhaka,Gazipur,Graduate,Salaried,86400,Current,840000,724,Auto,778000,36,8.69,23490,1,No,31,0
DB00798,Jahid Akter,43,Female,Chattogram,Chattogram,Masters,Salaried,52100,Current,452100,679,Auto,721000,24,10.15,33090,2,No,15,0
DB00799,Arif Akter,43,Male,Rajshahi,Naogaon,Masters,Salaried,58000,Savings,211800,604,Home,1274000,60,10,23360,0,No,19,0
DB00800,Fahim Ahmed,32,Male,Khulna,Jashore,Graduate,Business,143400,Current,1192700,635,Home,1485000,60,10.69,27400,2,No,20,0
DB00801,Imran Hossain,42,Male,Dhaka,Dhaka,SSC,Government,28900,Salary,198500,654,Auto,594000,12,10.17,54530,1,No,24,0
DB00802,Hasan Islam,43,Female,Dhaka,Faridpur,Masters,Salaried,44900,Savings,222900,624,Auto,820000,84,15,11230,2,No,24,0
DB00803,Sohel Ahmed,39,Female,Dhaka,Tangail,HSC,Other,34300,Savings,108000,611,Home,1828000,60,10.18,33570,3,No,31,1
DB00804,Sohel Akter,38,Male,Sylhet,Sunamganj,Graduate,Government,46800,Current,249000,721,Personal,398000,240,10.36,1830,0,No,25,0
DB00805,Mehedi Sultana,34,Female,Mymensingh,Mymensingh,Graduate,Salaried,55000,Savings,303300,704,Personal,408000,36,11.32,12620,4,No,16,0
DB00806,Hossain Hossain,34,Female,Chattogram,Noakhali,Masters,Other,38000,Salary,278400,663,Home,2483000,180,13.71,15690,4,No,17,1
DB00807,Karim Hasan,36,Female,Rangpur,Dinajpur,SSC,Salaried,64000,Salary,321100,711,Home,1515000,60,9.57,27670,1,Yes,10,1
DB00808,Nusrat Islam,37,Female,Dhaka,Faridpur,Graduate,Business,60100,Savings,619800,728,Home,1782000,60,11.63,33150,2,No,19,1
DB00809,Tania Hossain,48,Male,Khulna,Bagerhat,Graduate,Self-employed,34500,Salary,156100,775,Business,1762000,36,12.34,54980,2,No,18,1
DB00810,Mariya Islam,32,Male,Mymensingh,Mymensingh,HSC,Business,49100,Savings,300700,635,Personal,934000,36,9.71,28460,1,No,16,0
DB00811,Karim Hossain,39,Male,Dhaka,Narayanganj,HSC,Government,51800,Savings,435500,738,Home,3197000,36,9.81,97520,4,Yes,15,1
DB00812,Nayeem Hasan,52,Female,Dhaka,Dhaka,Graduate,Salaried,18200,Savings,205300,721,Business,458000,120,9.38,4170,5,No,19,0
DB00813,Ayesha Hossain,36,Male,Rangpur,Rangpur,HSC,Salaried,69000,Salary,678200,662,Education,306000,60,12.91,5760,1,No,23,0
DB00814,Tania Sultana,43,Male,Dhaka,Faridpur,Graduate,Business,65900,Current,511200,672,Personal,908000,84,10.47,11940,2,No,20,0
DB00815,Mizan Hasan,29,Male,Dhaka,Tangail,HSC,Business,124700,Current,651700,670,Personal,654000,24,11.81,30470,1,No,17,0
DB00816,Rafi Khan,36,Female,Dhaka,Dhaka,HSC,Salaried,40700,Salary,136200,766,Auto,756000,180,9.2,4590,0,No,19,0
DB00817,Tania Chowdhury,31,Female,Dhaka,Dhaka,Graduate,Business,41900,Current,369100,730,Home,1203000,24,10.34,55310,4,No,27,0
DB00818,Ayesha Sultana,38,Female,Khulna,Satkhira,SSC,Salaried,94400,Current,251300,761,Personal,465000,12,9.12,42280,3,No,14,0
DB00819,Sadia Sultana,59,Male,Chattogram,Cumilla,Graduate,Salaried,20100,Current,158500,652,Business,882000,240,10.83,4070,2,No,26,1
DB00820,Mariya Islam,39,Male,Khulna,Bagerhat,Graduate,Salaried,97700,Savings,714400,728,Home,1112000,60,11.56,20680,2,Yes,22,0
DB00821,Nayeem Chowdhury,39,Female,Rangpur,Dinajpur,Graduate,Salaried,32900,Salary,69700,735,Personal,660000,240,11.57,3070,3,No,24,0
DB00822,Jahid Islam,45,Male,Chattogram,Feni,Graduate,Self-employed,65300,Current,413900,617,Education,537000,36,9.38,16320,4,No,24,0
DB00823,Sohel Khan,24,Female,Dhaka,Gazipur,Graduate,Government,107700,Savings,926600,713,Home,1236000,120,10.25,11360,2,No,16,0
DB00824,Sohel Islam,40,Male,Dhaka,Faridpur,Graduate,Salaried,24900,Salary,91100,689,Auto,657000,12,10.99,60770,0,No,16,0
DB00825,Imran Ahmed,40,Female,Dhaka,Dhaka,Graduate,Self-employed,73200,Current,281600,728,Auto,363000,48,11.2,8410,4,No,13,0
DB00826,Mizan Sultana,27,Male,Sylhet,Moulvibazar,HSC,Salaried,21900,Current,96300,626,Home,3409000,48,10.15,78230,1,No,13,1
DB00827,Jannat Akter,55,Male,Dhaka,Gazipur,Graduate,Salaried,65800,Savings,335000,648,Business,1077000,60,8.81,19530,1,No,29,0
DB00828,Mim Khan,56,Female,Dhaka,Narayanganj,Graduate,Government,21800,Salary,60000,749,Home,3424000,36,9.06,103730,1,No,13,1
DB00829,Imran Akter,37,Female,Rangpur,Kurigram,HSC,Other,26500,Savings,198000,634,Home,1192000,36,13.8,37680,4,No,16,1
DB00830,Arif Sultana,23,Female,Dhaka,Tangail,HSC,Salaried,50800,Savings,505700,634,Personal,291000,240,7.78,1310,2,No,16,0
DB00831,Ayesha Sultana,22,Male,Chattogram,Feni,Graduate,Self-employed,43700,Savings,113800,746,Personal,538000,180,12.35,3360,0,No,22,0
DB00832,Nusrat Islam,49,Female,Dhaka,Dhaka,Graduate,Government,51300,Savings,324500,655,Personal,487000,60,12.16,9100,2,No,15,0
DB00833,Jahid Hossain,35,Male,Rajshahi,Naogaon,HSC,Business,127700,Current,1530200,656,Personal,313000,240,8.68,1420,4,No,12,0
DB00834,Sohel Hossain,32,Male,Rajshahi,Naogaon,HSC,Government,117500,Savings,571000,680,Home,2555000,36,11.39,79060,6,Yes,23,1
DB00835,Tania Chowdhury,31,Male,Rangpur,Rangpur,Masters,Business,88400,Current,179700,689,Business,583000,12,8.97,52940,1,No,24,0
DB00836,Shakil Sultana,41,Male,Dhaka,Narayanganj,Graduate,Business,35100,Savings,334800,741,Home,2370000,60,11,43840,0,No,24,0
DB00837,Mizan Chowdhury,26,Female,Dhaka,Faridpur,Graduate,Government,50900,Salary,356500,634,Business,1969000,48,12.4,46110,2,No,22,1
DB00838,Sakib Islam,32,Female,Rangpur,Lalmonirhat,SSC,Government,61200,Savings,340900,593,Personal,352000,120,10.15,3230,1,Yes,19,0
DB00839,Ayesha Ahmed,44,Male,Rajshahi,Rajshahi,Graduate,Salaried,48700,Savings,162000,637,Home,1954000,48,9.08,44400,8,No,13,1
DB00840,Shakil Khan,40,Female,Chattogram,Cox's Bazar,Graduate,Government,96500,Savings,849000,662,Home,1123000,60,9.03,20410,3,No,17,0
DB00841,Arif Rahman,53,Female,Dhaka,Narayanganj,HSC,Salaried,22200,Current,221000,639,Business,832000,180,8.71,5020,1,No,17,1
DB00842,Rahim Khan,28,Male,Rajshahi,Naogaon,HSC,Other,46500,Savings,426100,715,Home,1376000,180,12.59,8610,2,No,19,0
DB00843,Sadia Sultana,34,Female,Mymensingh,Sherpur,HSC,Self-employed,38200,Savings,166000,594,Home,1745000,120,10.18,16020,5,No,21,1
DB00844,Sadia Chowdhury,37,Male,Chattogram,Noakhali,Graduate,Salaried,40300,Savings,430800,638,Personal,455000,120,11.04,4210,1,No,20,0
DB00845,Tanvir Chowdhury,44,Male,Mymensingh,Sherpur,Graduate,Salaried,23800,Salary,244400,669,Auto,870000,120,12.49,8160,1,No,11,0
DB00846,Jahid Ahmed,40,Male,Chattogram,Feni,Graduate,Government,41400,Salary,235200,691,Education,193000,120,10.46,1780,4,No,18,0
DB00847,Mim Khan,44,Male,Chattogram,Cumilla,SSC,Government,115100,Savings,1146600,807,Business,913000,48,7.46,20440,2,No,13,0
DB00848,Hossain Hossain,42,Male,Dhaka,Dhaka,Graduate,Self-employed,86400,Current,602200,637,Personal,332000,36,10.65,10200,1,No,19,0
DB00849,Jahid Chowdhury,51,Male,Rajshahi,Naogaon,HSC,Salaried,42000,Savings,478400,690,Education,351000,36,11.05,10830,3,No,14,0
DB00850,Nusrat Chowdhury,34,Female,Dhaka,Tangail,Masters,Business,119800,Savings,617800,692,Business,1618000,84,12.39,21650,3,Yes,17,0
DB00851,Imran Sultana,44,Female,Rangpur,Lalmonirhat,HSC,Salaried,65700,Savings,786800,636,Auto,674000,12,10.2,61900,5,No,24,0
DB00852,Hossain Hossain,34,Male,Dhaka,Faridpur,HSC,Other,40300,Salary,191600,641,Auto,421000,120,9.12,3830,2,Yes,22,1
DB00853,Ayesha Islam,38,Male,Khulna,Bagerhat,Masters,Salaried,77700,Savings,737300,689,Business,863000,24,10.1,39590,2,No,17,0
DB00854,Arif Khan,39,Male,Khulna,Satkhira,Masters,Government,99200,Savings,578500,785,Personal,217000,60,10.57,4000,1,No,19,0
DB00855,Nayeem Hossain,43,Male,Rajshahi,Rajshahi,Graduate,Self-employed,24400,Savings,142400,644,Business,412000,60,9.92,7550,2,No,18,1
DB00856,Tania Chowdhury,39,Female,Barishal,Barishal,SSC,Business,82600,Salary,281700,713,Personal,295000,36,9.26,8950,1,No,14,0
DB00857,Shakil Sultana,35,Male,Chattogram,Noakhali,SSC,Salaried,103400,Savings,1061800,702,Home,3174000,36,10.75,97640,1,No,16,1
DB00858,Rahim Khan,38,Male,Chattogram,Chattogram,HSC,Self-employed,92000,Current,1036900,727,Education,371000,36,10.95,11430,2,No,21,0
DB00859,Fahim Khan,36,Male,Mymensingh,Sherpur,HSC,Business,34000,Savings,137900,768,Home,2116000,60,9.41,38590,2,No,18,1
DB00860,Sakib Khan,41,Male,Rajshahi,Pabna,Graduate,Other,52300,Current,388500,614,Business,1316000,24,13.54,62260,0,No,28,1
DB00861,Nayeem Islam,27,Female,Rangpur,Dinajpur,SSC,Self-employed,64100,Savings,737800,519,Auto,308000,60,13.49,5830,3,No,28,0
DB00862,Hasan Hossain,46,Male,Dhaka,Tangail,Graduate,Self-employed,80900,Savings,882800,676,Personal,476000,120,11.49,4420,1,No,20,0
DB00863,Mim Hossain,41,Male,Dhaka,Dhaka,SSC,Self-employed,56300,Salary,567400,716,Business,1192000,60,14.04,22660,2,Yes,22,1
DB00864,Nayeem Khan,27,Male,Chattogram,Noakhali,HSC,Salaried,125000,Salary,1471300,718,Education,374000,48,12.87,8790,3,No,19,0
DB00865,Mariya Hasan,47,Male,Dhaka,Tangail,HSC,Salaried,104000,Current,424300,741,Home,3199000,120,9.96,29310,2,No,11,0
DB00866,Sadia Hasan,43,Male,Sylhet,Moulvibazar,Graduate,Salaried,98300,Savings,665000,637,Business,1754000,180,9.86,10710,2,No,21,0
DB00867,Mehedi Akter,39,Female,Barishal,Jhalokathi,Graduate,Business,27900,Savings,112200,719,Personal,233000,36,11.34,7210,2,No,16,0
DB00868,Sumaiya Akter,37,Female,Dhaka,Gazipur,Graduate,Business,25700,Savings,95900,692,Business,1031000,180,9.63,6280,2,No,18,1
DB00869,Hossain Islam,34,Male,Barishal,Bhola,Graduate,Salaried,25400,Savings,170000,743,Home,3018000,12,11.81,281200,3,No,20,1
DB00870,Rafi Hossain,42,Male,Mymensingh,Sherpur,SSC,Self-employed,121900,Savings,1366800,815,Personal,554000,12,12.89,52120,3,No,16,0
DB00871,Sohel Islam,47,Female,Dhaka,Gazipur,Graduate,Salaried,50700,Savings,236700,778,Personal,681000,36,13.93,21550,2,No,20,0
DB00872,Mizan Sultana,34,Male,Mymensingh,Jamalpur,Graduate,Business,23500,Salary,57000,781,Personal,1516000,36,11.31,46870,5,No,20,1
DB00873,Karim Sultana,48,Male,Dhaka,Narayanganj,Graduate,Government,32600,Current,234400,691,Education,516000,180,9.06,3130,4,No,26,0
DB00874,Hossain Ahmed,39,Male,Mymensingh,Sherpur,Graduate,Business,82500,Current,660300,668,Education,542000,84,9.02,7030,2,No,18,0
DB00875,Jannat Sultana,54,Female,Dhaka,Faridpur,Masters,Self-employed,52500,Savings,407600,753,Auto,838000,240,12.17,3920,1,Yes,16,0
DB00876,Arif Hasan,53,Male,Khulna,Bagerhat,Graduate,Government,74200,Savings,273700,667,Business,1937000,60,9.43,35330,2,No,16,0
DB00877,Mariya Hasan,38,Female,Rangpur,Rangpur,Masters,Salaried,42400,Savings,321700,741,Home,1816000,84,7.6,23260,5,No,26,1
DB00878,Mizan Hasan,42,Male,Chattogram,Noakhali,Graduate,Self-employed,156700,Savings,1554000,716,Auto,589000,60,11.22,10920,1,No,18,0
DB00879,Hossain Ahmed,37,Female,Khulna,Kushtia,Masters,Self-employed,78400,Current,424500,620,Business,2676000,180,11.76,16610,2,No,23,1
DB00880,Jahid Hasan,21,Female,Dhaka,Faridpur,Graduate,Salaried,94700,Salary,272800,725,Personal,423000,180,9.67,2580,1,No,24,0
DB00881,Shakil Rahman,24,Male,Dhaka,Tangail,Masters,Government,48600,Savings,557700,605,Home,3035000,24,11.63,141170,2,No,24,1
DB00882,Hossain Chowdhury,42,Female,Chattogram,Cumilla,SSC,Business,42800,Current,452400,607,Personal,264000,36,9.21,8010,3,No,22,0
DB00883,Ayesha Chowdhury,37,Female,Dhaka,Narayanganj,Masters,Business,51400,Savings,151000,712,Personal,738000,240,10.09,3390,0,No,14,0
DB00884,Tanvir Rahman,31,Female,Mymensingh,Netrokona,Graduate,Other,83600,Current,305600,714,Home,2790000,12,10.53,256980,3,Yes,17,1
DB00885,Jahid Akter,30,Female,Chattogram,Chattogram,Masters,Salaried,46600,Salary,98000,647,Auto,778000,12,8.61,70420,2,No,14,0
DB00886,Tanvir Hasan,37,Male,Chattogram,Cox's Bazar,Graduate,Other,33500,Salary,85200,800,Business,1715000,84,9.5,22360,2,No,20,1
DB00887,Hossain Ahmed,27,Male,Chattogram,Cox's Bazar,Graduate,Government,31900,Savings,324100,747,Personal,309000,36,11.87,9600,3,No,19,0
DB00888,Arif Chowdhury,37,Female,Rangpur,Rangpur,Masters,Business,40900,Current,235000,729,Business,1163000,36,8.6,35080,1,No,18,0
DB00889,Rafi Chowdhury,46,Female,Sylhet,Sunamganj,Graduate,Government,82900,Savings,707500,703,Home,2031000,36,9.31,61670,1,No,25,0
DB00890,Fahim Akter,30,Male,Rangpur,Rangpur,Graduate,Salaried,42900,Salary,94900,690,Home,2697000,240,9.45,12300,3,Yes,15,1
DB00891,Nusrat Akter,36,Male,Dhaka,Faridpur,Masters,Business,54100,Savings,514300,594,Auto,575000,24,10.45,26460,2,No,15,0
DB00892,Mizan Hossain,37,Female,Rajshahi,Pabna,HSC,Self-employed,71100,Current,511800,708,Home,1567000,12,8.79,142060,1,No,23,0
DB00893,Rahim Khan,32,Male,Chattogram,Cumilla,Graduate,Salaried,38800,Salary,458800,698,Business,1634000,84,9.34,21270,1,No,15,1
DB00894,Jahid Akter,29,Female,Mymensingh,Jamalpur,Masters,Self-employed,28100,Savings,326000,660,Personal,565000,84,12.63,7580,3,No,19,0
DB00895,Mariya Islam,41,Female,Khulna,Satkhira,Graduate,Self-employed,44300,Savings,390400,733,Auto,902000,180,11.32,5580,2,Yes,13,0
DB00896,Rahim Islam,36,Female,Chattogram,Noakhali,Graduate,Salaried,49600,Savings,574300,664,Business,993000,48,11.11,22990,2,No,13,0
DB00897,Jahid Ahmed,27,Female,Dhaka,Tangail,Graduate,Other,110300,Savings,1042800,616,Personal,214000,36,7.77,6410,2,No,19,0
DB00898,Jahid Ahmed,31,Female,Rajshahi,Naogaon,Masters,Salaried,23600,Savings,249800,655,Education,286000,60,11.37,5310,4,No,19,0
DB00899,Hasan Akter,41,Male,Dhaka,Dhaka,Graduate,Salaried,25000,Savings,137400,633,Personal,755000,36,9.42,22950,2,No,13,0
DB00900,Karim Chowdhury,27,Male,Dhaka,Gazipur,Graduate,Salaried,33400,Salary,187600,627,Personal,370000,36,11.8,11490,4,No,24,0
DB00901,Hossain Islam,41,Female,Dhaka,Tangail,Masters,Other,73200,Savings,488300,640,Business,908000,48,9.75,20760,0,No,23,0
DB00902,Sumaiya Islam,33,Female,Khulna,Kushtia,Graduate,Salaried,51100,Salary,529700,712,Home,2381000,120,11.86,22190,1,No,22,1
DB00903,Mehedi Hossain,35,Male,Khulna,Bagerhat,Graduate,Salaried,44500,Savings,149600,664,Home,1591000,84,10.44,20920,1,No,25,1
DB00904,Rafi Ahmed,32,Female,Chattogram,Feni,Masters,Self-employed,81800,Salary,903400,588,Personal,246000,60,10.01,4510,0,No,18,0
DB00905,Imran Akter,41,Male,Barishal,Jhalokathi,HSC,Salaried,54800,Savings,646000,636,Personal,675000,60,9.72,12340,1,No,20,1
DB00906,Mizan Akter,40,Female,Sylhet,Moulvibazar,Masters,Salaried,28100,Current,153600,677,Business,1098000,84,9.49,14310,2,Yes,10,0
DB00907,Sakib Ahmed,40,Male,Rajshahi,Naogaon,Graduate,Salaried,25500,Savings,157900,727,Home,1632000,120,11.23,15130,3,No,19,1
DB00908,Jannat Chowdhury,34,Female,Rajshahi,Natore,Masters,Business,31200,Salary,85600,659,Personal,301000,36,10.71,9260,3,Yes,20,0
DB00909,Arif Hossain,40,Female,Dhaka,Faridpur,Graduate,Self-employed,107300,Savings,618500,598,Personal,102000,240,10.95,470,3,No,23,0
DB00910,Jahid Khan,33,Male,Sylhet,Moulvibazar,Graduate,Salaried,38500,Savings,233700,728,Home,1518000,84,12.35,20300,3,No,18,1
DB00911,Tanvir Khan,37,Female,Rangpur,Rangpur,Masters,Business,92200,Savings,1041900,752,Home,1443000,36,11.15,44550,3,No,22,0
DB00912,Shakil Hossain,28,Male,Dhaka,Narayanganj,Masters,Salaried,17600,Savings,59100,717,Personal,390000,60,11.32,7240,3,No,17,0
DB00913,Tanvir Sultana,43,Female,Dhaka,Dhaka,HSC,Government,36800,Savings,134800,713,Auto,858000,120,8.23,7740,2,No,22,0
DB00914,Sumaiya Ahmed,41,Male,Rajshahi,Naogaon,Graduate,Salaried,50300,Salary,113500,659,Personal,550000,48,10.78,12690,2,No,19,0
DB00915,Tanvir Ahmed,42,Female,Barishal,Pirojpur,SSC,Government,83800,Current,429200,755,Home,1148000,24,10.18,52700,3,No,16,0
DB00916,Rafi Hasan,40,Female,Dhaka,Narayanganj,Graduate,Salaried,41300,Salary,132000,644,Personal,479000,48,9.79,10960,5,No,14,0
DB00917,Rahim Hasan,35,Female,Dhaka,Narayanganj,Graduate,Business,81400,Current,762500,714,Home,2077000,60,11.75,38680,1,No,20,0
DB00918,Nayeem Islam,28,Male,Rajshahi,Natore,Masters,Business,31600,Savings,208200,711,Personal,325000,12,14.14,30910,1,No,22,0
DB00919,Tania Hossain,35,Male,Dhaka,Gazipur,Graduate,Government,63700,Current,397000,715,Home,1881000,180,8.95,11390,3,No,26,0
DB00920,Karim Khan,48,Female,Khulna,Kushtia,SSC,Self-employed,54500,Savings,448600,753,Personal,208000,60,11.39,3860,2,No,14,0
DB00921,Mim Hasan,40,Male,Khulna,Bagerhat,HSC,Business,49400,Salary,324200,596,Auto,472000,60,8.56,8540,3,No,12,0
DB00922,Karim Khan,40,Male,Chattogram,Cox's Bazar,HSC,Salaried,69700,Salary,327100,666,Business,551000,24,12.96,25930,2,No,25,0
DB00923,Hossain Hossain,49,Female,Chattogram,Noakhali,SSC,Salaried,73400,Savings,303700,563,Home,1444000,60,9.28,26300,2,No,20,0
DB00924,Tania Akter,31,Male,Dhaka,Faridpur,HSC,Business,41000,Savings,488100,687,Home,2389000,24,10.65,110140,1,No,19,0
DB00925,Mizan Ahmed,36,Female,Rangpur,Dinajpur,Masters,Self-employed,43400,Salary,159700,687,Personal,268000,84,9.41,3490,2,No,14,0
DB00926,Rahim Khan,40,Male,Khulna,Khulna,Graduate,Salaried,21700,Savings,214400,717,Home,1862000,120,14.09,17700,1,No,17,1
DB00927,Arif Sultana,26,Female,Dhaka,Faridpur,HSC,Salaried,32800,Savings,362500,601,Business,744000,84,10.1,9750,2,No,18,0
DB00928,Hossain Rahman,25,Male,Khulna,Khulna,Graduate,Salaried,46000,Savings,432300,829,Personal,672000,180,9.63,4090,2,No,19,0
DB00929,Nusrat Hossain,65,Male,Dhaka,Gazipur,Masters,Salaried,158700,Savings,1797700,712,Auto,724000,12,14.13,68860,2,No,16,0
DB00930,Nusrat Hossain,49,Male,Dhaka,Dhaka,Graduate,Self-employed,29800,Current,131700,727,Personal,303000,36,10.06,9260,0,Yes,14,0
DB00931,Sumaiya Hasan,49,Male,Khulna,Khulna,Graduate,Business,57600,Current,356200,725,Auto,853000,48,12.19,19940,2,No,25,0
DB00932,Mizan Akter,41,Male,Mymensingh,Mymensingh,Graduate,Salaried,44300,Salary,445700,676,Auto,591000,36,12.47,18460,3,No,18,0
DB00933,Mizan Chowdhury,42,Female,Rangpur,Lalmonirhat,Masters,Self-employed,102000,Savings,1079900,750,Auto,347000,36,11.51,10750,2,No,19,0
DB00934,Mariya Hossain,48,Male,Khulna,Satkhira,Graduate,Government,27700,Savings,78400,733,Personal,762000,120,7.75,6840,0,No,18,0
DB00935,Hasan Hasan,45,Male,Dhaka,Gazipur,SSC,Salaried,115600,Salary,291700,697,Business,1940000,120,12.1,18120,2,No,17,0
DB00936,Rahim Chowdhury,47,Female,Dhaka,Narayanganj,Masters,Salaried,160600,Salary,1711600,666,Personal,347000,240,9.24,1580,1,No,22,0
DB00937,Ayesha Sultana,58,Male,Khulna,Satkhira,Masters,Business,59900,Salary,594500,693,Business,310000,120,13.04,2920,2,No,24,0
DB00938,Fahim Akter,48,Male,Barishal,Patuakhali,Masters,Salaried,52100,Current,440400,690,Personal,672000,60,11.47,12480,3,No,15,0
DB00939,Arif Sultana,40,Male,Chattogram,Feni,Graduate,Government,48000,Salary,551200,684,Personal,596000,120,9.73,5450,5,No,17,0
DB00940,Mizan Hasan,43,Female,Barishal,Barishal,Masters,Business,32500,Salary,225100,661,Personal,774000,36,11.29,23930,3,No,23,0
DB00941,Sumaiya Sultana,37,Male,Barishal,Jhalokathi,Graduate,Salaried,53300,Current,218000,594,Auto,677000,12,8.6,61270,0,No,24,0
DB00942,Sumaiya Chowdhury,28,Female,Rajshahi,Rajshahi,Graduate,Government,66500,Salary,259500,796,Auto,1106000,36,10.27,33880,0,No,18,0
DB00943,Rahim Ahmed,38,Male,Rajshahi,Natore,SSC,Business,31200,Current,290100,731,Home,1643000,36,11.17,50740,1,No,20,1
DB00944,Karim Chowdhury,44,Male,Barishal,Barishal,Graduate,Government,117200,Savings,436100,683,Personal,690000,12,11.39,64050,2,Yes,23,0
DB00945,Karim Rahman,47,Male,Chattogram,Chattogram,Graduate,Government,60900,Savings,212300,729,Home,1527000,36,9.91,46620,0,No,20,0
DB00946,Mizan Islam,33,Female,Barishal,Pirojpur,HSC,Business,34400,Salary,97100,681,Education,205000,24,10.36,9430,3,No,15,0
DB00947,Karim Chowdhury,28,Female,Dhaka,Gazipur,Masters,Business,52200,Savings,415100,636,Personal,516000,240,10.28,2370,4,No,22,0
DB00948,Tanvir Sultana,51,Male,Dhaka,Tangail,Masters,Salaried,30700,Savings,193600,619,Home,2702000,180,7,16060,1,No,19,1
DB00949,Arif Chowdhury,40,Male,Barishal,Pirojpur,Graduate,Self-employed,111800,Salary,619800,670,Education,211000,84,10.51,2780,1,No,30,0
DB00950,Tania Chowdhury,28,Female,Rajshahi,Natore,Graduate,Salaried,39000,Current,133700,686,Business,1325000,60,7,23630,1,No,18,1
DB00951,Arif Hossain,41,Male,Khulna,Khulna,Graduate,Salaried,68800,Savings,757300,619,Auto,1157000,36,12.02,36000,0,No,13,0
DB00952,Karim Sultana,46,Female,Dhaka,Narayanganj,HSC,Salaried,139700,Savings,947300,606,Auto,607000,24,8.6,27470,1,No,22,0
DB00953,Sadia Sultana,38,Female,Chattogram,Cox's Bazar,Graduate,Government,76600,Salary,377700,668,Personal,520000,12,11.36,48260,0,Yes,20,0
DB00954,Mizan Sultana,35,Male,Chattogram,Feni,Graduate,Salaried,89600,Savings,396800,609,Auto,783000,12,10.59,72160,2,No,19,0
DB00955,Imran Ahmed,26,Male,Dhaka,Gazipur,HSC,Business,40500,Savings,372900,663,Business,1694000,60,11.51,31480,1,No,23,1
DB00956,Nusrat Rahman,41,Female,Rajshahi,Naogaon,Masters,Salaried,41400,Savings,410700,632,Business,1406000,36,9.67,42830,3,Yes,22,1
DB00957,Karim Chowdhury,43,Female,Barishal,Barishal,Graduate,Self-employed,51000,Current,250900,742,Education,319000,84,10.79,4210,5,No,24,0
DB00958,Rahim Ahmed,39,Male,Dhaka,Tangail,Graduate,Salaried,63100,Current,248400,645,Personal,896000,240,11.37,4160,2,No,14,0
DB00959,Sadia Hasan,47,Female,Rajshahi,Rajshahi,Graduate,Business,34200,Salary,321100,727,Home,2812000,180,9.17,17050,2,No,21,1
DB00960,Sumaiya Sultana,33,Male,Dhaka,Tangail,SSC,Business,30300,Savings,320600,794,Personal,962000,24,9.81,44020,1,No,16,0
DB00961,Rafi Hossain,35,Male,Sylhet,Sylhet,Graduate,Salaried,215400,Savings,725500,700,Home,3182000,48,9.99,72910,5,No,19,0
DB00962,Sumaiya Hasan,31,Female,Dhaka,Faridpur,Graduate,Salaried,64200,Savings,545400,700,Personal,757000,12,9.81,69270,1,Yes,21,0
DB00963,Sumaiya Hossain,35,Male,Dhaka,Narayanganj,Masters,Salaried,40400,Savings,365300,655,Business,1870000,36,10.6,57450,0,No,13,1
DB00964,Sadia Islam,44,Female,Dhaka,Faridpur,HSC,Government,100300,Current,239700,700,Personal,185000,84,10.58,2440,1,No,28,0
DB00965,Nayeem Chowdhury,33,Female,Barishal,Barishal,Masters,Government,47700,Current,108000,774,Personal,232000,120,11.81,2160,3,No,19,0
DB00966,Ayesha Rahman,54,Male,Khulna,Satkhira,Graduate,Salaried,53200,Salary,415100,643,Home,2404000,120,8.61,21760,2,Yes,15,1
DB00967,Tanvir Hossain,40,Male,Sylhet,Sylhet,Masters,Salaried,39200,Savings,296400,626,Personal,177000,48,9.99,4060,3,Yes,19,0
DB00968,Nusrat Chowdhury,51,Male,Dhaka,Faridpur,Masters,Government,70300,Savings,835000,679,Auto,469000,84,10.57,6170,0,No,22,0
DB00969,Jannat Islam,36,Female,Rajshahi,Bogura,HSC,Business,165600,Salary,625900,686,Education,256000,240,9.53,1170,4,No,11,0
DB00970,Mizan Hasan,58,Male,Rajshahi,Pabna,Graduate,Salaried,41100,Savings,289300,626,Home,1721000,84,10.17,22570,1,No,20,1
DB00971,Mim Khan,34,Male,Dhaka,Gazipur,Masters,Salaried,67100,Savings,154400,687,Personal,310000,120,13.53,2930,0,No,21,0
DB00972,Sakib Islam,28,Male,Rajshahi,Pabna,Masters,Business,126600,Current,746000,701,Business,690000,84,8.28,8890,5,No,22,0
DB00973,Sumaiya Hasan,38,Female,Khulna,Khulna,Graduate,Self-employed,26600,Savings,275700,723,Personal,318000,240,12.08,1490,0,No,11,0
DB00974,Sadia Islam,37,Female,Dhaka,Gazipur,HSC,Self-employed,76800,Savings,260500,679,Education,189000,12,7.82,16980,0,No,9,0
DB00975,Karim Khan,38,Female,Rajshahi,Natore,Graduate,Salaried,56300,Savings,635300,718,Home,2815000,180,9.56,17130,5,No,14,1
DB00976,Tania Ahmed,41,Male,Dhaka,Narayanganj,HSC,Government,57200,Savings,269900,687,Personal,331000,120,10.69,3050,1,No,16,0
DB00977,Shakil Hossain,38,Female,Rangpur,Kurigram,Masters,Other,84200,Salary,311700,740,Education,239000,36,9.56,7270,0,No,16,0
DB00978,Tania Chowdhury,21,Male,Mymensingh,Jamalpur,Graduate,Business,55200,Savings,580900,669,Personal,737000,240,9.96,3380,5,Yes,23,0
DB00979,Sohel Rahman,40,Male,Barishal,Jhalokathi,Masters,Government,64200,Savings,659100,702,Personal,665000,180,8.09,3990,3,No,18,0
DB00980,Sadia Akter,48,Female,Dhaka,Tangail,Graduate,Salaried,57000,Savings,380000,646,Business,1165000,24,8.97,52900,4,No,21,1
DB00981,Tania Hasan,27,Female,Barishal,Jhalokathi,Graduate,Other,20800,Salary,178900,566,Education,335000,48,9.5,7640,1,No,14,1
DB00982,Hossain Sultana,40,Female,Rajshahi,Pabna,HSC,Salaried,82100,Salary,823500,669,Personal,754000,84,11.35,9990,1,No,22,0
DB00983,Sadia Rahman,46,Male,Sylhet,Moulvibazar,HSC,Government,86000,Savings,816100,808,Business,2339000,84,11.66,31090,0,No,25,0
DB00984,Mim Hossain,45,Female,Khulna,Kushtia,HSC,Salaried,52100,Salary,272300,779,Personal,356000,24,9.98,16310,0,No,20,0
DB00985,Mizan Sultana,38,Male,Mymensingh,Sherpur,Graduate,Self-employed,131000,Savings,744800,686,Personal,426000,180,10.48,2610,4,Yes,17,0
DB00986,Shakil Sultana,47,Female,Rangpur,Rangpur,Graduate,Self-employed,60300,Savings,418700,690,Auto,691000,48,9.7,15790,1,No,20,0
DB00987,Sumaiya Khan,21,Female,Rangpur,Rangpur,HSC,Business,39500,Savings,163400,747,Personal,312000,180,9.64,1900,1,Yes,13,0
DB00988,Imran Khan,21,Male,Khulna,Jashore,Masters,Salaried,50400,Savings,301400,679,Personal,232000,36,9.27,7040,1,No,24,0
DB00989,Rahim Akter,46,Female,Rajshahi,Pabna,SSC,Government,19400,Savings,108300,724,Home,4074000,36,9.93,124400,2,Yes,18,1
DB00990,Tania Sultana,35,Female,Rangpur,Lalmonirhat,Graduate,Salaried,44600,Savings,463400,682,Personal,240000,60,8.76,4350,1,No,21,0
DB00991,Hasan Sultana,32,Male,Rajshahi,Natore,HSC,Salaried,64200,Savings,474000,674,Personal,479000,84,7.92,6150,1,No,17,0
DB00992,Hossain Khan,21,Female,Rajshahi,Rajshahi,HSC,Self-employed,42700,Salary,393800,623,Personal,166000,84,10.19,2180,3,No,19,0
DB00993,Ayesha Chowdhury,54,Male,Rangpur,Nilphamari,Graduate,Government,102200,Savings,760100,759,Home,2522000,36,11.4,78040,3,No,20,0
DB00994,Mariya Khan,41,Male,Rajshahi,Naogaon,SSC,Salaried,32800,Current,250700,598,Personal,827000,24,10.6,38110,0,No,11,0
DB00995,Mehedi Chowdhury,41,Male,Dhaka,Gazipur,Graduate,Government,61000,Current,147900,804,Education,358000,240,10.45,1650,4,Yes,14,0
DB00996,Rafi Akter,40,Male,Chattogram,Noakhali,Graduate,Salaried,93100,Salary,556800,710,Personal,469000,84,11.54,6230,3,No,13,0
DB00997,Sumaiya Sultana,49,Female,Rajshahi,Natore,Graduate,Business,46200,Salary,182900,715,Business,733000,84,9.06,9520,1,No,15,0
DB00998,Ayesha Ahmed,43,Male,Dhaka,Narayanganj,HSC,Government,24500,Current,120600,789,Education,237000,36,13.21,7450,2,Yes,16,0
DB00999,Ayesha Islam,34,Male,Rajshahi,Rajshahi,Graduate,Government,68100,Savings,301900,674,Personal,467000,24,10.58,21520,1,No,21,0
DB01000,Rahim Khan,41,Female,Mymensingh,Mymensingh,Graduate,Self-employed,49000,Current,192600,648,Home,1630000,36,10.77,50150,4,No,17,0
DB01001,Tanvir Hasan,38,Female,Barishal,Pirojpur,SSC,Salaried,31500,Salary,165600,650,Home,1906000,240,11.25,8840,2,No,13,1
DB01002,Tania Ahmed,48,Male,Khulna,Jashore,Graduate,Self-employed,35700,Current,358800,793,Auto,444000,120,11.37,4120,1,No,23,0
DB01003,Mariya Khan,28,Male,Dhaka,Faridpur,Graduate,Government,42200,Current,282400,657,Business,1462000,120,9.04,13280,6,Yes,11,0
DB01004,Nusrat Khan,51,Male,Chattogram,Noakhali,Masters,Business,172800,Salary,1119500,663,Home,2928000,36,10.73,90060,2,No,18,0
DB01005,Sohel Chowdhury,56,Female,Sylhet,Sunamganj,Graduate,Salaried,54400,Savings,293900,649,Business,410000,240,8.82,1860,3,Yes,13,0
DB01006,Jahid Sultana,29,Female,Dhaka,Narayanganj,Graduate,Salaried,55900,Savings,351300,747,Personal,982000,48,11.87,22890,3,No,22,0
DB01007,Mehedi Islam,40,Male,Rajshahi,Naogaon,Graduate,Business,32100,Savings,248300,653,Personal,167000,60,10.99,3090,0,No,19,0
DB01008,Sohel Hossain,31,Female,Mymensingh,Netrokona,HSC,Salaried,60300,Savings,157900,739,Personal,326000,48,8.96,7400,5,No,24,0
DB01009,Sohel Sultana,36,Male,Khulna,Kushtia,Graduate,Government,47600,Current,405800,688,Business,1463000,36,9.04,44310,3,No,17,0
DB01010,Shakil Akter,31,Male,Khulna,Kushtia,Masters,Business,77400,Current,835800,607,Personal,527000,48,8.95,11960,1,No,12,0
DB01011,Sadia Rahman,50,Female,Dhaka,Narayanganj,Graduate,Business,125100,Savings,1338100,705,Auto,604000,84,12.61,8100,2,No,20,0
DB01012,Sumaiya Rahman,44,Male,Dhaka,Dhaka,SSC,Business,49100,Savings,99700,709,Personal,884000,180,9.32,5370,1,No,29,0
DB01013,Tanvir Ahmed,25,Male,Rangpur,Rangpur,Graduate,Business,37900,Savings,188600,608,Education,396000,60,10.54,7300,1,No,17,0
DB01014,Tanvir Chowdhury,41,Male,Rangpur,Lalmonirhat,Graduate,Business,46700,Savings,163000,585,Business,1228000,48,9.49,28010,2,No,27,1
DB01015,Sumaiya Khan,47,Female,Dhaka,Gazipur,HSC,Government,64900,Savings,367900,745,Auto,402000,60,12.08,7510,2,Yes,15,0
DB01016,Tanvir Islam,27,Female,Sylhet,Sylhet,Graduate,Salaried,56900,Salary,161200,649,Business,2017000,24,9.29,91850,1,No,11,1
DB01017,Mim Akter,36,Male,Chattogram,Noakhali,Masters,Government,52800,Savings,199400,681,Business,1419000,48,8.41,32050,1,No,21,1
DB01018,Fahim Islam,47,Female,Khulna,Khulna,Graduate,Self-employed,28000,Savings,56400,648,Home,2247000,180,11.25,13890,1,No,19,1
DB01019,Tanvir Chowdhury,30,Female,Chattogram,Cox's Bazar,Graduate,Self-employed,48400,Savings,422900,572,Business,2111000,24,12.03,98540,2,No,22,1
DB01020,Hasan Rahman,56,Female,Dhaka,Tangail,HSC,Government,51000,Current,501600,650,Personal,300000,180,9.58,1830,1,No,22,0
DB01021,Sadia Hasan,28,Male,Mymensingh,Mymensingh,Graduate,Salaried,42700,Savings,250300,687,Education,451000,36,10.3,13820,3,No,12,0
DB01022,Ayesha Sultana,52,Male,Dhaka,Dhaka,Masters,Salaried,36100,Salary,247900,706,Personal,663000,60,10.45,12200,1,No,20,0
DB01023,Shakil Rahman,40,Male,Sylhet,Habiganj,Masters,Salaried,60300,Current,592100,630,Auto,639000,180,11.11,3940,1,Yes,16,0
DB01024,Arif Akter,31,Male,Mymensingh,Jamalpur,Graduate,Government,93700,Current,645600,840,Personal,428000,60,12.33,8010,3,No,24,0
DB01025,Karim Ahmed,46,Female,Rajshahi,Natore,HSC,Other,52000,Savings,446700,743,Home,3648000,36,11.52,113010,5,Yes,18,1
DB01026,Arif Hasan,24,Male,Mymensingh,Netrokona,Masters,Government,30500,Savings,116800,690,Personal,1059000,180,8.39,6380,2,No,18,0
DB01027,Shakil Khan,47,Female,Chattogram,Chattogram,Graduate,Government,115800,Salary,267900,666,Home,1964000,240,10.13,9010,0,No,21,0
DB01028,Karim Khan,39,Female,Dhaka,Faridpur,Masters,Salaried,68300,Savings,712400,712,Home,2147000,60,11.63,39940,3,No,21,0
DB01029,Imran Sultana,51,Female,Dhaka,Narayanganj,Graduate,Salaried,58500,Salary,541800,710,Auto,622000,180,9.16,3770,1,No,21,0
DB01030,Tania Islam,26,Male,Khulna,Satkhira,Masters,Self-employed,79300,Savings,325400,652,Home,1731000,120,8.66,15670,2,Yes,18,1
DB01031,Jahid Islam,48,Male,Barishal,Pirojpur,Graduate,Government,18300,Salary,182000,635,Personal,369000,84,9.52,4810,5,No,22,1
DB01032,Fahim Chowdhury,40,Female,Rangpur,Dinajpur,Graduate,Government,96900,Savings,248400,614,Personal,370000,120,8.94,3360,1,No,26,0
DB01033,Sohel Rahman,33,Male,Dhaka,Faridpur,Graduate,Self-employed,55700,Savings,652400,715,Personal,631000,180,10.9,3890,0,No,23,0
DB01034,Karim Hasan,30,Male,Dhaka,Faridpur,HSC,Government,44200,Savings,149700,618,Personal,228000,36,10.41,6990,2,No,19,0
DB01035,Mariya Khan,31,Male,Dhaka,Narayanganj,Masters,Salaried,41400,Salary,278000,719,Home,3546000,60,9.92,64960,2,No,15,1
DB01036,Fahim Chowdhury,27,Male,Dhaka,Dhaka,Masters,Self-employed,37800,Salary,424200,690,Auto,904000,60,10.05,16580,2,No,25,0
DB01037,Rafi Sultana,34,Female,Chattogram,Chattogram,Graduate,Government,38300,Current,204700,655,Education,270000,48,10.86,6240,2,No,18,0
DB01038,Tanvir Rahman,53,Female,Dhaka,Narayanganj,SSC,Salaried,30400,Savings,145000,694,Auto,569000,120,8.3,5140,1,No,24,0
DB01039,Ayesha Rahman,31,Male,Barishal,Bhola,SSC,Business,21800,Salary,110800,607,Auto,928000,120,9.94,8500,3,No,20,1
DB01040,Sumaiya Khan,49,Male,Chattogram,Feni,HSC,Salaried,43000,Savings,266800,688,Personal,361000,120,12.3,3380,1,No,12,0
DB01041,Tania Sultana,34,Male,Rangpur,Dinajpur,HSC,Salaried,183100,Savings,1956700,626,Personal,323000,60,11.66,6010,3,No,17,0
DB01042,Jahid Islam,33,Male,Sylhet,Moulvibazar,Masters,Salaried,129800,Savings,1521400,661,Business,2014000,84,10.52,26500,3,No,19,0
DB01043,Tania Rahman,22,Female,Dhaka,Gazipur,Masters,Business,40800,Savings,210100,635,Home,1803000,84,10.77,23780,0,No,21,1
DB01044,Hossain Sultana,36,Male,Dhaka,Dhaka,Graduate,Salaried,110000,Savings,586600,603,Personal,862000,12,8.21,77730,5,No,15,0
DB01045,Sohel Akter,36,Male,Khulna,Jashore,SSC,Self-employed,43900,Savings,289100,695,Business,1570000,60,10.12,28810,3,No,17,0
DB01046,Tanvir Rahman,31,Male,Dhaka,Narayanganj,SSC,Salaried,21500,Salary,219400,693,Home,1467000,84,13.2,19770,1,Yes,11,1
DB01047,Imran Islam,41,Male,Chattogram,Chattogram,Graduate,Salaried,64400,Savings,654200,660,Personal,393000,48,10.36,9040,1,Yes,16,0
DB01048,Mim Rahman,30,Male,Rangpur,Lalmonirhat,Masters,Other,46100,Salary,521800,688,Home,1839000,84,8.47,23750,1,No,11,1
DB01049,Sumaiya Ahmed,21,Male,Chattogram,Cox's Bazar,HSC,Salaried,71700,Savings,197800,667,Personal,681000,240,10.83,3140,1,No,19,0
DB01050,Nayeem Sultana,34,Female,Dhaka,Faridpur,Masters,Business,39100,Salary,220200,711,Home,2261000,84,12.02,30150,1,No,18,1
DB01051,Sohel Khan,28,Male,Mymensingh,Mymensingh,HSC,Self-employed,21200,Current,86900,702,Auto,776000,36,9.75,23660,2,No,17,1
DB01052,Shakil Ahmed,52,Male,Dhaka,Tangail,Graduate,Government,94600,Salary,990200,684,Home,3439000,84,10.38,45190,0,No,14,0
DB01053,Sumaiya Chowdhury,28,Female,Chattogram,Cox's Bazar,Graduate,Salaried,55900,Current,605500,582,Education,394000,60,12.17,7370,2,No,16,0
DB01054,Sumaiya Islam,35,Male,Sylhet,Habiganj,Graduate,Other,36700,Salary,133700,672,Personal,598000,120,11.18,5540,4,No,19,0
DB01055,Nayeem Rahman,45,Male,Dhaka,Gazipur,Graduate,Business,89600,Savings,970100,732,Auto,745000,48,11.51,17310,4,No,13,0
DB01056,Sakib Hasan,36,Male,Dhaka,Faridpur,HSC,Business,69000,Salary,306200,760,Auto,843000,24,10.69,38880,1,No,19,0
DB01057,Sohel Akter,41,Female,Rajshahi,Bogura,Masters,Government,42900,Savings,258200,647,Auto,702000,84,11.49,9320,4,No,20,0
DB01058,Mizan Chowdhury,41,Male,Sylhet,Moulvibazar,Graduate,Business,106700,Current,250600,676,Home,1943000,24,10.51,89470,1,No,12,1
DB01059,Arif Ahmed,40,Female,Rangpur,Lalmonirhat,Masters,Salaried,53000,Salary,226800,706,Home,3340000,48,11.02,77250,0,No,19,1
DB01060,Tanvir Chowdhury,23,Female,Rangpur,Kurigram,Graduate,Business,56800,Savings,302000,598,Personal,352000,120,10.01,3230,2,No,18,0
DB01061,Sadia Islam,52,Female,Dhaka,Faridpur,Masters,Business,50600,Savings,101200,716,Education,234000,84,10.57,3080,0,No,17,0
DB01062,Hasan Hossain,27,Female,Dhaka,Faridpur,Graduate,Business,69100,Savings,464100,683,Education,292000,180,9.83,1780,0,No,24,0
DB01063,Mim Ahmed,40,Male,Rajshahi,Rajshahi,Graduate,Business,55600,Savings,267400,647,Business,1328000,180,9.5,8080,2,No,15,1
DB01064,Imran Ahmed,21,Male,Barishal,Barishal,Graduate,Business,35400,Savings,291300,655,Business,1066000,240,11.79,4970,1,No,17,1
DB01065,Mizan Ahmed,33,Male,Barishal,Bhola,Graduate,Business,120400,Salary,947600,671,Personal,433000,12,10.22,39770,0,No,16,0
DB01066,Shakil Sultana,28,Female,Khulna,Khulna,Graduate,Salaried,50200,Savings,114000,582,Personal,269000,24,11.15,12460,2,Yes,16,0
DB01067,Rahim Khan,35,Female,Chattogram,Chattogram,Graduate,Self-employed,59300,Savings,312700,686,Education,156000,60,9.13,2840,1,No,16,0
DB01068,Jannat Rahman,53,Female,Rajshahi,Pabna,Masters,Salaried,110400,Savings,1102200,690,Home,2016000,36,9.42,61280,1,No,24,0
DB01069,Mizan Khan,24,Male,Barishal,Pirojpur,SSC,Salaried,19600,Current,130300,622,Auto,358000,84,11.53,4750,0,No,23,0
DB01070,Mariya Sultana,21,Female,Mymensingh,Mymensingh,Graduate,Salaried,58000,Current,131000,833,Personal,392000,36,9.5,11920,3,Yes,16,0
DB01071,Jannat Hossain,25,Male,Sylhet,Sunamganj,Graduate,Salaried,44100,Salary,159400,561,Home,1217000,12,11.26,112840,2,No,21,1
DB01072,Hossain Sultana,31,Male,Dhaka,Narayanganj,Graduate,Business,40700,Savings,410900,704,Home,3069000,84,9.72,40090,3,No,19,1
DB01073,Fahim Khan,44,Male,Chattogram,Chattogram,Graduate,Salaried,54000,Current,346000,751,Business,1040000,60,10.73,19190,5,No,18,0
DB01074,Jahid Rahman,44,Male,Rajshahi,Natore,SSC,Salaried,64500,Savings,222700,622,Home,3346000,60,9.44,61030,3,No,14,0
DB01075,Jannat Ahmed,44,Male,Dhaka,Narayanganj,Masters,Salaried,67800,Salary,206300,671,Auto,631000,120,12.76,5930,1,No,26,0
DB01076,Shakil Hasan,47,Female,Dhaka,Narayanganj,Masters,Other,40900,Current,208400,566,Home,1883000,48,11.27,43650,4,No,18,1
DB01077,Karim Hossain,37,Female,Dhaka,Tangail,Graduate,Salaried,33100,Savings,274000,720,Home,2358000,120,8.43,21310,2,No,26,1
DB01078,Arif Sultana,42,Female,Chattogram,Chattogram,Masters,Self-employed,38600,Salary,379700,646,Personal,703000,180,8.8,4250,3,No,19,0
DB01079,Nusrat Ahmed,36,Male,Dhaka,Faridpur,Graduate,Other,59400,Salary,551300,701,Personal,218000,48,10.5,5020,2,No,25,0
DB01080,Hasan Hossain,30,Male,Dhaka,Dhaka,HSC,Business,50600,Savings,300000,687,Home,1350000,240,9.51,6160,2,No,15,1
DB01081,Mim Rahman,23,Male,Mymensingh,Jamalpur,Masters,Business,25700,Savings,58600,704,Auto,787000,84,9.66,10270,2,No,23,1
DB01082,Fahim Hossain,40,Male,Rangpur,Nilphamari,Graduate,Other,39900,Savings,398600,738,Personal,729000,48,10.03,16710,3,No,17,0
DB01083,Sakib Akter,37,Male,Dhaka,Faridpur,SSC,Business,35900,Savings,364700,842,Education,188000,36,12.07,5850,0,No,17,0
DB01084,Hasan Chowdhury,37,Female,Dhaka,Tangail,HSC,Government,37200,Salary,243600,689,Auto,688000,180,10.48,4220,1,No,18,0
DB01085,Mizan Hasan,33,Male,Dhaka,Faridpur,HSC,Salaried,64300,Current,615100,677,Auto,745000,240,10.65,3430,2,No,12,0
DB01086,Shakil Hasan,44,Female,Dhaka,Narayanganj,Graduate,Salaried,21300,Savings,162100,704,Education,320000,48,9.74,7320,1,No,21,0
DB01087,Fahim Sultana,32,Male,Dhaka,Faridpur,SSC,Other,41600,Current,420600,743,Education,253000,60,11.33,4690,1,Yes,20,0
DB01088,Ayesha Hossain,30,Male,Chattogram,Cumilla,SSC,Government,22800,Savings,267300,753,Business,1610000,48,7.99,36220,3,No,27,1
DB01089,Mehedi Hasan,27,Male,Dhaka,Faridpur,Graduate,Government,48900,Salary,225400,637,Personal,299000,180,10.66,1840,0,No,21,0
DB01090,Tania Rahman,29,Female,Rajshahi,Naogaon,Graduate,Government,69200,Salary,320900,655,Auto,645000,36,11.86,20040,3,No,14,0
DB01091,Sumaiya Islam,51,Female,Dhaka,Tangail,Masters,Government,51000,Salary,402400,707,Business,2167000,48,11.32,50260,2,No,20,1
DB01092,Rafi Hossain,34,Female,Rangpur,Dinajpur,Graduate,Salaried,72500,Current,242100,695,Business,2043000,12,9.19,185900,1,No,16,1
DB01093,Sumaiya Ahmed,29,Female,Dhaka,Gazipur,HSC,Business,33400,Savings,368600,738,Home,3661000,48,12.72,85970,2,No,22,1
DB01094,Hasan Chowdhury,46,Male,Rajshahi,Pabna,SSC,Salaried,82600,Savings,536900,647,Education,391000,60,11.64,7280,2,No,15,0
DB01095,Nusrat Hasan,34,Male,Dhaka,Tangail,Graduate,Business,47500,Savings,464500,777,Auto,1253000,60,9.4,22850,2,No,18,0
DB01096,Nayeem Hossain,31,Male,Barishal,Barishal,Graduate,Salaried,44600,Savings,99000,754,Personal,730000,180,12.19,4550,0,No,18,0
DB01097,Rahim Hossain,32,Female,Dhaka,Dhaka,SSC,Self-employed,40800,Savings,276700,760,Personal,420000,120,9.43,3830,2,No,24,0
DB01098,Sohel Rahman,37,Male,Rangpur,Lalmonirhat,Graduate,Salaried,66200,Savings,166500,655,Auto,627000,24,9.5,28610,2,No,17,0
DB01099,Jannat Chowdhury,43,Female,Chattogram,Chattogram,Masters,Other,87400,Savings,1033200,627,Education,268000,84,10.41,3520,2,No,15,0
DB01100,Mehedi Sultana,40,Male,Khulna,Khulna,Graduate,Government,44900,Savings,254700,626,Business,1721000,120,11.4,15980,2,Yes,15,1
DB01101,Mim Rahman,28,Female,Khulna,Satkhira,Masters,Salaried,79500,Salary,263900,716,Education,226000,84,11.83,3010,0,No,15,0
DB01102,Imran Ahmed,29,Male,Barishal,Pirojpur,Graduate,Self-employed,66700,Savings,698200,742,Personal,329000,48,10.46,7570,1,No,12,0
DB01103,Ayesha Islam,37,Male,Barishal,Jhalokathi,Graduate,Business,62700,Current,289800,621,Home,2080000,84,8.47,26860,2,No,20,1
DB01104,Tania Islam,40,Male,Rajshahi,Rajshahi,HSC,Government,65100,Current,322600,752,Auto,709000,48,10.79,16360,3,No,19,0
DB01105,Mariya Rahman,39,Female,Rajshahi,Bogura,Graduate,Government,97100,Savings,761700,669,Auto,1168000,24,13.35,55160,3,Yes,21,0
DB01106,Mizan Hossain,42,Female,Sylhet,Habiganj,Graduate,Other,74600,Savings,723100,741,Personal,150000,120,10.54,1380,2,No,15,0
DB01107,Mim Rahman,44,Male,Dhaka,Tangail,HSC,Salaried,30600,Savings,174900,648,Education,528000,180,9.99,3230,3,No,25,1
DB01108,Tania Rahman,30,Male,Dhaka,Gazipur,Graduate,Salaried,50400,Savings,281200,769,Personal,641000,48,13.02,15090,2,No,20,0
DB01109,Sadia Akter,47,Female,Chattogram,Cumilla,Masters,Salaried,44100,Savings,171900,669,Auto,557000,240,9.02,2530,3,No,19,0
DB01110,Ayesha Chowdhury,29,Male,Dhaka,Dhaka,Masters,Self-employed,38500,Savings,351300,725,Home,2026000,36,9.65,61710,3,No,28,1
DB01111,Nayeem Akter,32,Female,Dhaka,Faridpur,HSC,Self-employed,94200,Salary,482600,723,Auto,642000,24,12.09,29980,4,No,17,0
DB01112,Mim Rahman,45,Male,Sylhet,Habiganj,Graduate,Other,45400,Savings,97000,730,Home,2308000,180,12.16,14380,2,No,18,1
DB01113,Sakib Hasan,40,Female,Dhaka,Gazipur,Graduate,Self-employed,62100,Current,275000,712,Business,1109000,60,10.85,20490,2,No,22,0
DB01114,Arif Rahman,31,Female,Rangpur,Nilphamari,Masters,Business,81800,Current,431700,710,Education,172000,120,14.27,1640,2,Yes,20,0
DB01115,Shakil Akter,44,Male,Sylhet,Moulvibazar,SSC,Other,74200,Salary,542200,607,Personal,470000,60,11.1,8700,2,No,14,0
DB01116,Jahid Khan,21,Male,Barishal,Patuakhali,Graduate,Salaried,54500,Savings,447300,555,Business,767000,240,10.02,3520,2,No,20,0
DB01117,Mariya Chowdhury,35,Male,Rajshahi,Bogura,Graduate,Business,47800,Current,108200,688,Personal,355000,24,8.65,16070,5,No,20,0
DB01118,Hossain Sultana,39,Male,Dhaka,Narayanganj,SSC,Salaried,38200,Salary,410500,681,Home,2074000,24,10.93,95860,2,No,14,1
DB01119,Mizan Hossain,37,Male,Chattogram,Cumilla,Masters,Salaried,20700,Current,70100,726,Education,314000,12,9.64,28690,3,Yes,19,0
DB01120,Rahim Islam,21,Male,Dhaka,Faridpur,Graduate,Salaried,53400,Savings,372100,640,Home,2349000,48,9.72,53690,2,No,18,1
DB01121,Shakil Chowdhury,26,Male,Mymensingh,Mymensingh,HSC,Salaried,129500,Current,1126300,699,Personal,666000,240,9.14,3030,1,No,14,0
DB01122,Tanvir Sultana,22,Male,Dhaka,Gazipur,Graduate,Government,84800,Salary,794000,679,Personal,866000,48,9.65,19780,1,No,20,0
DB01123,Hossain Sultana,25,Male,Khulna,Jashore,Graduate,Government,110300,Savings,731600,679,Personal,423000,36,8.88,12790,3,No,15,0
DB01124,Hossain Sultana,21,Female,Dhaka,Tangail,Masters,Self-employed,64500,Salary,745500,651,Personal,913000,84,8.94,11840,5,No,17,0
DB01125,Nusrat Rahman,43,Female,Sylhet,Moulvibazar,Graduate,Government,50400,Savings,568500,714,Business,4043000,120,13.54,38250,3,No,12,1
DB01126,Tanvir Hasan,33,Male,Dhaka,Faridpur,Masters,Salaried,30300,Salary,360700,724,Personal,370000,84,8.12,4760,4,No,21,0
DB01127,Mim Sultana,27,Male,Barishal,Jhalokathi,Graduate,Salaried,47600,Savings,318000,608,Personal,243000,24,8.67,11000,3,No,25,0
DB01128,Imran Sultana,36,Male,Dhaka,Gazipur,HSC,Salaried,107800,Current,515000,731,Auto,650000,240,10.91,3000,2,No,19,0
DB01129,Karim Rahman,41,Female,Mymensingh,Netrokona,Graduate,Self-employed,20200,Savings,147500,683,Home,1700000,84,8.11,21880,1,Yes,24,1
DB01130,Sadia Sultana,43,Male,Chattogram,Cox's Bazar,Masters,Self-employed,29900,Savings,309800,672,Home,2395000,60,11,44310,2,Yes,18,1
DB01131,Mim Rahman,49,Female,Chattogram,Chattogram,Graduate,Self-employed,64500,Salary,695100,699,Business,1567000,180,9.33,9520,2,No,21,0
DB01132,Nusrat Khan,47,Male,Dhaka,Gazipur,SSC,Self-employed,58000,Current,609200,678,Personal,377000,84,10.88,4980,2,No,20,0
DB01133,Tania Rahman,48,Female,Sylhet,Moulvibazar,Masters,Business,51300,Salary,497400,555,Personal,576000,240,15,2760,4,No,26,1
DB01134,Sadia Ahmed,47,Female,Sylhet,Moulvibazar,HSC,Government,67000,Salary,732600,638,Auto,520000,24,11.09,24070,1,No,15,0
DB01135,Hossain Akter,45,Female,Sylhet,Habiganj,HSC,Self-employed,15300,Current,112400,578,Auto,668000,36,11.32,20660,0,No,22,1
DB01136,Karim Hasan,40,Female,Chattogram,Chattogram,Graduate,Salaried,28300,Savings,220600,597,Personal,583000,60,10.27,10710,0,No,22,1
DB01137,Mizan Hossain,34,Male,Dhaka,Narayanganj,Masters,Business,83700,Savings,735000,700,Personal,593000,12,11.34,55020,4,No,19,0
DB01138,Shakil Chowdhury,26,Male,Dhaka,Faridpur,HSC,Business,44600,Savings,292200,667,Home,2685000,48,12.91,63160,0,No,19,1
DB01139,Mariya Sultana,21,Female,Mymensingh,Jamalpur,Graduate,Government,53900,Savings,266500,618,Personal,661000,120,11.88,6160,2,No,18,0
DB01140,Ayesha Islam,27,Female,Rajshahi,Pabna,HSC,Business,39200,Savings,365400,643,Education,252000,36,10.9,7760,4,No,20,0
DB01141,Mim Chowdhury,40,Male,Rangpur,Dinajpur,Masters,Business,83000,Current,593900,582,Business,717000,180,11.43,4440,4,No,16,0
DB01142,Nayeem Khan,55,Female,Chattogram,Chattogram,SSC,Self-employed,107300,Salary,1020800,732,Home,3705000,180,10.83,22810,1,No,15,0
DB01143,Tania Islam,33,Female,Rangpur,Nilphamari,Graduate,Self-employed,68600,Savings,341200,724,Home,2934000,180,9.95,17920,3,No,26,1
DB01144,Sadia Sultana,48,Female,Barishal,Pirojpur,HSC,Salaried,87500,Savings,578600,729,Personal,361000,180,9.87,2200,3,No,10,0
DB01145,Mehedi Sultana,32,Male,Dhaka,Dhaka,HSC,Business,114600,Savings,1154200,687,Home,969000,24,8.23,43700,0,No,19,0
DB01146,Mim Rahman,47,Female,Dhaka,Gazipur,Graduate,Government,93300,Savings,434700,748,Home,1797000,60,10.73,33160,4,No,16,0
DB01147,Hasan Ahmed,35,Male,Mymensingh,Jamalpur,HSC,Other,38700,Salary,210400,633,Education,221000,36,8.06,6630,1,No,16,0
DB01148,Hasan Islam,37,Female,Rangpur,Kurigram,Graduate,Salaried,45800,Savings,129100,695,Home,1610000,240,11.91,7510,0,No,19,1
DB01149,Jannat Hasan,42,Female,Khulna,Khulna,HSC,Salaried,74500,Salary,426000,614,Personal,520000,36,7.68,15550,1,No,20,0
DB01150,Sohel Islam,43,Male,Rangpur,Rangpur,Graduate,Salaried,53200,Savings,461700,710,Personal,915000,180,9.4,5560,1,Yes,21,1
DB01151,Sakib Islam,56,Male,Rangpur,Dinajpur,SSC,Business,40600,Savings,135900,680,Home,2069000,48,12,48280,1,No,20,1
DB01152,Mim Sultana,33,Male,Chattogram,Chattogram,Graduate,Salaried,69400,Savings,393800,687,Business,717000,120,7.94,6450,1,No,14,0
DB01153,Karim Sultana,44,Male,Khulna,Satkhira,Graduate,Business,80700,Savings,675300,719,Education,318000,12,10.35,29240,4,No,28,0
DB01154,Sohel Khan,47,Male,Dhaka,Tangail,Masters,Business,47800,Savings,207000,714,Education,311000,24,8.71,14090,1,No,24,0
DB01155,Sadia Chowdhury,39,Female,Mymensingh,Netrokona,SSC,Business,62500,Savings,276500,801,Personal,1193000,120,11.05,11040,0,Yes,19,0
DB01156,Rafi Akter,43,Male,Khulna,Khulna,Graduate,Salaried,75500,Savings,294900,572,Business,642000,36,10.73,19750,2,No,23,0
DB01157,Nusrat Rahman,59,Female,Dhaka,Tangail,Graduate,Business,65400,Current,350300,697,Business,1422000,12,12.74,133600,2,No,12,0
DB01158,Tanvir Hossain,21,Female,Dhaka,Dhaka,Masters,Salaried,64500,Salary,330300,659,Home,4206000,60,9.19,76540,4,Yes,19,1
DB01159,Tanvir Sultana,39,Male,Dhaka,Faridpur,Graduate,Government,32800,Savings,352100,721,Auto,614000,48,7.47,13750,1,No,20,0
DB01160,Tanvir Ahmed,21,Female,Barishal,Pirojpur,HSC,Government,78000,Salary,803800,672,Personal,318000,12,10.84,29370,1,No,21,0
DB01161,Imran Ahmed,22,Male,Dhaka,Tangail,Masters,Government,75800,Savings,835500,635,Education,509000,84,9.92,6660,3,No,12,1
DB01162,Mariya Ahmed,33,Male,Dhaka,Dhaka,HSC,Self-employed,34000,Savings,408000,753,Personal,205000,120,9.82,1880,3,Yes,26,0
DB01163,Sadia Sultana,43,Male,Khulna,Bagerhat,Graduate,Self-employed,120100,Salary,694100,635,Business,1506000,60,9.78,27550,1,No,22,0
DB01164,Fahim Hasan,32,Male,Rajshahi,Rajshahi,Graduate,Other,89800,Savings,714100,687,Personal,278000,60,11.44,5160,2,No,18,0
DB01165,Sumaiya Khan,30,Female,Dhaka,Gazipur,Graduate,Business,27100,Current,220900,744,Education,202000,240,11.75,940,0,Yes,13,0
DB01166,Ayesha Ahmed,25,Female,Dhaka,Faridpur,Graduate,Salaried,72900,Savings,235000,747,Home,1837000,84,7.61,23530,1,No,17,0
DB01167,Ayesha Ahmed,44,Male,Rangpur,Dinajpur,HSC,Self-employed,60500,Savings,139700,685,Home,3793000,36,7.21,112960,2,No,21,1
DB01168,Sumaiya Akter,41,Female,Chattogram,Feni,Graduate,Salaried,49200,Savings,336600,771,Home,4118000,36,10.9,126860,1,No,23,1
DB01169,Imran Hasan,34,Male,Chattogram,Noakhali,Graduate,Salaried,63000,Savings,755300,784,Personal,2258000,180,11.47,13980,2,No,16,0
DB01170,Mariya Hasan,43,Male,Rajshahi,Natore,Graduate,Salaried,68800,Salary,322200,643,Education,398000,36,11.6,12340,2,No,19,0
DB01171,Mim Chowdhury,52,Female,Mymensingh,Jamalpur,Graduate,Business,67100,Salary,521100,654,Business,1848000,36,8.89,55900,3,No,17,1
DB01172,Karim Hasan,27,Male,Chattogram,Chattogram,Masters,Government,48300,Savings,106500,694,Personal,268000,84,11.32,3550,2,No,12,0
DB01173,Shakil Chowdhury,45,Female,Dhaka,Faridpur,Graduate,Self-employed,46700,Savings,379300,671,Auto,397000,60,12.35,7430,0,No,16,1
DB01174,Rafi Sultana,35,Male,Chattogram,Chattogram,Graduate,Salaried,52400,Savings,353100,681,Business,595000,60,11.73,11080,2,No,17,0
DB01175,Nayeem Rahman,32,Female,Chattogram,Feni,Graduate,Government,61800,Savings,476500,708,Personal,423000,240,9.25,1930,0,No,20,0
DB01176,Shakil Akter,55,Male,Rangpur,Rangpur,Masters,Government,67100,Current,424300,634,Business,1763000,60,8.22,31800,1,No,16,0
DB01177,Mim Akter,22,Male,Dhaka,Narayanganj,Graduate,Business,59400,Savings,574200,715,Auto,1197000,60,10.03,21950,3,No,20,0
DB01178,Mariya Sultana,31,Female,Barishal,Pirojpur,Masters,Government,62400,Salary,151900,671,Auto,826000,48,13.28,19490,1,Yes,22,0
DB01179,Hasan Ahmed,42,Female,Rangpur,Rangpur,Masters,Salaried,41900,Current,284700,655,Education,275000,36,7,8170,5,No,22,0
DB01180,Jannat Chowdhury,46,Female,Barishal,Patuakhali,Graduate,Salaried,37100,Current,197300,666,Home,1782000,84,10.22,23380,3,No,32,1
DB01181,Arif Islam,37,Female,Chattogram,Noakhali,HSC,Self-employed,28000,Savings,135900,691,Business,1160000,84,8.27,14950,2,No,16,1
DB01182,Mehedi Islam,38,Male,Dhaka,Faridpur,SSC,Self-employed,61900,Current,483000,693,Home,2683000,84,10.58,35320,1,No,17,1
DB01183,Sadia Hasan,34,Female,Dhaka,Tangail,Graduate,Salaried,80200,Savings,242100,800,Home,1808000,180,12.36,11290,2,No,20,0
DB01184,Mim Khan,34,Male,Mymensingh,Sherpur,Graduate,Salaried,92200,Current,1012500,600,Education,264000,24,10.39,12140,2,No,15,0
DB01185,Imran Akter,34,Female,Sylhet,Moulvibazar,Masters,Self-employed,38500,Savings,251500,730,Home,2234000,24,8.89,101360,1,No,19,1
DB01186,Jahid Hasan,42,Male,Dhaka,Faridpur,HSC,Business,36000,Savings,394600,702,Auto,813000,240,8.87,3690,1,No,15,0
DB01187,Tania Sultana,34,Male,Dhaka,Narayanganj,Masters,Salaried,28100,Savings,146800,651,Personal,358000,180,7.85,2150,4,No,21,0
DB01188,Ayesha Hasan,46,Male,Mymensingh,Netrokona,Graduate,Salaried,47100,Salary,119200,709,Business,591000,60,10.05,10840,3,No,29,0
DB01189,Sadia Sultana,26,Female,Dhaka,Faridpur,Graduate,Business,71900,Savings,619400,698,Business,944000,36,7.97,28310,7,No,12,0
DB01190,Karim Islam,55,Male,Chattogram,Cox's Bazar,Graduate,Salaried,21100,Current,158100,671,Home,2035000,240,11.77,9480,1,No,20,1
DB01191,Nusrat Chowdhury,40,Male,Dhaka,Narayanganj,Graduate,Government,37600,Savings,270900,669,Personal,646000,120,12.25,6040,1,No,20,0
DB01192,Jannat Sultana,31,Male,Khulna,Kushtia,Graduate,Salaried,32000,Savings,240900,589,Personal,365000,36,10.69,11220,0,No,15,0
DB01193,Rahim Chowdhury,29,Female,Rangpur,Lalmonirhat,Graduate,Business,84100,Current,724900,670,Home,2146000,36,12.46,67040,0,No,14,1
DB01194,Jahid Hasan,57,Male,Chattogram,Cox's Bazar,Masters,Self-employed,49500,Savings,181100,698,Personal,352000,84,10.3,4620,1,No,24,0
DB01195,Karim Islam,29,Male,Mymensingh,Jamalpur,Graduate,Salaried,83300,Current,561500,674,Home,1455000,60,8.1,26210,1,Yes,17,1
DB01196,Ayesha Sultana,36,Male,Mymensingh,Jamalpur,Graduate,Self-employed,130500,Savings,1134900,679,Auto,460000,84,9.04,5970,0,No,29,0
DB01197,Sakib Akter,44,Female,Chattogram,Cumilla,Graduate,Salaried,40600,Current,100100,774,Education,328000,84,11.23,4340,2,No,14,0
DB01198,Fahim Chowdhury,30,Female,Dhaka,Narayanganj,Masters,Salaried,102300,Current,1029500,703,Personal,340000,24,9.95,15580,3,No,18,0
DB01199,Shakil Ahmed,30,Male,Dhaka,Faridpur,HSC,Salaried,61000,Savings,305100,734,Education,224000,84,12,2990,4,No,19,0
DB01200,Sakib Sultana,45,Female,Dhaka,Gazipur,SSC,Self-employed,64500,Savings,703300,744,Personal,631000,240,11.75,2940,1,No,25,0
DB01201,Sadia Ahmed,39,Male,Chattogram,Chattogram,Masters,Salaried,71200,Salary,729000,676,Education,297000,24,9.33,13530,2,No,18,0
DB01202,Hasan Khan,43,Male,Rajshahi,Naogaon,Graduate,Salaried,131100,Salary,1176900,632,Personal,1109000,180,7,6590,2,No,14,0
DB01203,Sohel Chowdhury,29,Male,Dhaka,Tangail,Masters,Salaried,108600,Salary,577500,684,Auto,328000,180,12.38,2050,1,No,21,0
DB01204,Nusrat Ahmed,45,Female,Rangpur,Kurigram,Masters,Salaried,26000,Salary,222500,726,Personal,440000,60,10.07,8070,2,No,19,0
DB01205,Imran Sultana,21,Female,Chattogram,Feni,SSC,Self-employed,71100,Salary,496100,723,Auto,644000,36,12.45,20120,1,No,13,0
DB01206,Mehedi Hossain,46,Female,Barishal,Pirojpur,Graduate,Self-employed,49900,Salary,487200,730,Personal,773000,60,9.51,14110,0,No,24,0
DB01207,Nusrat Akter,33,Male,Rangpur,Kurigram,Graduate,Government,40700,Current,195800,666,Home,2486000,84,7.9,31930,0,No,16,1
DB01208,Rahim Khan,52,Male,Mymensingh,Mymensingh,Graduate,Other,39300,Current,435600,641,Education,280000,180,10.05,1710,0,No,21,1
DB01209,Jahid Chowdhury,21,Male,Chattogram,Feni,Masters,Salaried,150500,Savings,717900,759,Education,269000,12,9.33,24510,5,No,20,0
DB01210,Imran Rahman,28,Female,Sylhet,Sylhet,Graduate,Business,96000,Savings,483000,668,Home,2019000,60,10.03,37030,3,No,17,0
DB01211,Hasan Hossain,33,Male,Sylhet,Sunamganj,Masters,Self-employed,56700,Current,545800,758,Home,1205000,12,12.06,112530,3,No,19,0
DB01212,Imran Islam,31,Male,Rajshahi,Rajshahi,Graduate,Salaried,24000,Savings,204300,648,Home,1741000,36,12.22,54270,0,No,23,0
DB01213,Nayeem Islam,26,Male,Barishal,Jhalokathi,Graduate,Other,45000,Savings,447900,628,Education,302000,180,7.81,1810,4,No,19,0
DB01214,Rafi Islam,35,Female,Chattogram,Chattogram,SSC,Self-employed,92200,Savings,902100,757,Business,1500000,48,11.9,34970,1,No,20,0
DB01215,Mim Islam,38,Female,Rangpur,Dinajpur,Masters,Salaried,41900,Salary,483600,730,Auto,739000,12,11.91,68920,2,No,19,1
DB01216,Arif Khan,47,Male,Dhaka,Narayanganj,Masters,Salaried,47700,Salary,103400,637,Home,1785000,24,11.97,83280,0,No,16,0
DB01217,Tania Hasan,34,Male,Sylhet,Sunamganj,HSC,Salaried,51100,Savings,470800,781,Home,2822000,48,8.98,64070,3,No,12,0
DB01218,Mehedi Khan,46,Male,Sylhet,Sylhet,HSC,Government,93800,Salary,348600,695,Personal,276000,60,9.01,5010,1,Yes,18,0
DB01219,Nusrat Chowdhury,27,Female,Barishal,Pirojpur,Masters,Business,35100,Savings,399900,685,Personal,269000,12,10.78,24830,2,No,16,0
DB01220,Nusrat Islam,31,Male,Rajshahi,Bogura,Graduate,Government,75900,Savings,692400,655,Personal,1304000,24,10.73,60160,2,No,20,0
DB01221,Nayeem Hossain,27,Male,Chattogram,Chattogram,HSC,Salaried,68400,Salary,413600,701,Personal,459000,24,10.82,21190,0,No,20,0
DB01222,Fahim Sultana,37,Male,Barishal,Barishal,SSC,Self-employed,54400,Savings,263800,715,Personal,391000,24,8.01,17600,2,No,12,0
DB01223,Rafi Sultana,33,Male,Mymensingh,Netrokona,Graduate,Salaried,45900,Savings,148700,716,Home,3507000,60,7.88,63060,1,No,22,1
DB01224,Sakib Hossain,31,Female,Mymensingh,Mymensingh,HSC,Self-employed,61600,Savings,683200,673,Business,2311000,120,9.95,21170,0,Yes,22,1
DB01225,Sohel Ahmed,26,Female,Dhaka,Dhaka,HSC,Business,33500,Savings,309900,678,Home,1824000,36,11.33,56410,5,No,18,0
DB01226,Sohel Islam,21,Male,Rangpur,Dinajpur,Masters,Business,55000,Savings,626000,799,Business,574000,240,10.49,2640,0,Yes,23,0
DB01227,Tania Khan,28,Male,Dhaka,Dhaka,Graduate,Government,50600,Savings,103500,725,Home,3443000,60,9,62550,1,No,15,1
DB01228,Shakil Rahman,47,Male,Chattogram,Cox's Bazar,Graduate,Self-employed,42700,Savings,265200,667,Personal,322000,84,9.5,4200,2,No,19,0
DB01229,Tanvir Hasan,30,Male,Khulna,Khulna,Graduate,Salaried,55000,Savings,655100,683,Personal,675000,120,12.13,6310,0,Yes,18,1
DB01230,Sadia Ahmed,24,Male,Rajshahi,Bogura,SSC,Business,97000,Salary,833200,686,Personal,899000,36,9.65,27380,2,No,24,0
DB01231,Mim Chowdhury,26,Male,Sylhet,Habiganj,Masters,Business,95500,Savings,1077500,770,Personal,285000,24,14.09,13550,0,No,18,0
DB01232,Tania Hasan,54,Male,Dhaka,Dhaka,SSC,Salaried,65500,Savings,247700,736,Home,2354000,36,8.65,71050,3,No,21,0
DB01233,Mim Ahmed,36,Male,Rangpur,Rangpur,Graduate,Salaried,19200,Savings,157800,694,Personal,316000,180,10.7,1940,4,Yes,17,1
DB01234,Tania Rahman,40,Female,Chattogram,Feni,HSC,Government,53700,Savings,254900,690,Auto,838000,12,11.63,77950,1,No,17,0
DB01235,Arif Akter,21,Male,Dhaka,Dhaka,Masters,Salaried,24600,Savings,113000,616,Home,860000,60,10.19,15790,1,No,26,1
DB01236,Hasan Islam,38,Female,Dhaka,Narayanganj,Graduate,Salaried,88100,Current,1046600,588,Auto,595000,60,7,10610,1,No,16,0
DB01237,Imran Ahmed,30,Female,Khulna,Kushtia,SSC,Business,40200,Salary,232800,617,Auto,645000,84,7.27,8240,5,No,18,0
DB01238,Sumaiya Chowdhury,42,Male,Dhaka,Gazipur,HSC,Salaried,28900,Salary,301100,671,Business,1178000,60,9.65,21530,3,No,17,1
DB01239,Nayeem Akter,49,Male,Rangpur,Lalmonirhat,Graduate,Self-employed,56800,Savings,271700,628,Personal,531000,36,10.38,16280,4,No,12,0
DB01240,Shakil Hossain,38,Male,Mymensingh,Sherpur,Graduate,Government,53500,Savings,142000,692,Business,981000,36,10.01,29980,0,No,18,0
DB01241,Ayesha Islam,29,Male,Khulna,Kushtia,SSC,Salaried,56500,Current,202200,704,Home,1496000,240,8.26,6750,3,No,23,0
DB01242,Nusrat Hasan,30,Female,Dhaka,Faridpur,Masters,Business,102900,Current,569400,628,Personal,831000,84,9.12,10800,1,No,16,0
DB01243,Nusrat Chowdhury,36,Female,Dhaka,Dhaka,Masters,Salaried,58500,Savings,594700,677,Home,1895000,48,10.42,43590,4,No,18,0
DB01244,Sohel Islam,24,Female,Dhaka,Narayanganj,Masters,Government,57400,Current,444700,704,Personal,603000,48,9.15,13710,2,No,21,0
DB01245,Imran Ahmed,30,Male,Chattogram,Feni,Graduate,Business,58100,Savings,596400,698,Personal,848000,24,8.63,38380,2,No,18,0
DB01246,Rafi Hossain,21,Female,Barishal,Patuakhali,Masters,Salaried,235500,Savings,1658100,670,Personal,331000,24,12.31,15490,5,No,14,0
DB01247,Rafi Khan,43,Female,Mymensingh,Jamalpur,Graduate,Business,71700,Salary,737400,635,Business,525000,60,9.65,9590,1,No,20,0
DB01248,Sumaiya Hasan,32,Male,Rangpur,Kurigram,HSC,Self-employed,63100,Current,633100,753,Business,1250000,48,11.54,29050,1,No,17,0
DB01249,Jannat Islam,33,Male,Barishal,Pirojpur,SSC,Salaried,68700,Savings,333000,703,Education,283000,240,10.65,1300,3,No,13,0
DB01250,Sohel Ahmed,28,Male,Dhaka,Gazipur,Masters,Salaried,73900,Salary,348900,689,Home,1154000,36,11.1,35610,3,No,14,0
DB01251,Sohel Hasan,26,Male,Barishal,Patuakhali,Masters,Self-employed,76300,Current,338800,734,Education,417000,36,11.18,12880,0,No,12,0
DB01252,Tanvir Hasan,43,Female,Mymensingh,Mymensingh,Masters,Business,76000,Salary,440800,639,Auto,493000,24,11.06,22810,1,No,20,0
DB01253,Jahid Akter,38,Male,Dhaka,Gazipur,Graduate,Salaried,27800,Current,90800,698,Personal,490000,60,9.69,8960,3,No,15,1
DB01254,Tanvir Khan,38,Male,Rajshahi,Bogura,Graduate,Business,35900,Savings,383900,716,Home,2007000,84,10.28,26350,1,No,21,1
DB01255,Fahim Islam,49,Male,Dhaka,Narayanganj,Graduate,Self-employed,26500,Savings,231000,682,Personal,445000,120,10.66,4100,1,No,20,0
DB01256,Imran Sultana,29,Male,Rangpur,Kurigram,Masters,Other,59100,Savings,249800,633,Auto,600000,36,11.27,18540,0,No,20,0
DB01257,Imran Hossain,34,Male,Chattogram,Cox's Bazar,Graduate,Salaried,50500,Savings,520800,646,Auto,557000,48,9.88,12750,3,No,25,0
DB01258,Nayeem Ahmed,59,Female,Sylhet,Sylhet,Graduate,Government,30900,Savings,304300,739,Home,2217000,60,9.67,40520,2,No,28,1
DB01259,Sadia Islam,45,Female,Dhaka,Tangail,Graduate,Salaried,76100,Savings,910800,698,Business,959000,36,11.35,29660,1,No,17,0
DB01260,Fahim Islam,40,Male,Dhaka,Gazipur,Graduate,Government,59900,Salary,419800,748,Personal,476000,12,13.5,45020,2,No,20,0
DB01261,Mim Khan,38,Female,Rajshahi,Pabna,Graduate,Business,45400,Savings,343200,713,Home,3424000,60,10.42,63010,1,No,18,1
DB01262,Rahim Hossain,38,Male,Dhaka,Tangail,HSC,Self-employed,57800,Savings,689300,708,Personal,588000,180,10.69,3620,3,No,16,0
DB01263,Rafi Ahmed,41,Male,Khulna,Jashore,SSC,Business,82200,Savings,640800,689,Auto,638000,60,10.29,11730,0,No,16,0
DB01264,Sumaiya Rahman,41,Male,Dhaka,Dhaka,HSC,Salaried,76800,Savings,331900,713,Business,1097000,36,8.84,33170,1,No,19,0
DB01265,Karim Hasan,30,Male,Dhaka,Faridpur,Graduate,Salaried,53200,Savings,219500,658,Personal,353000,240,9.92,1620,2,No,23,0
DB01266,Imran Islam,38,Male,Chattogram,Chattogram,Masters,Government,55700,Savings,317500,696,Personal,975000,48,10.07,22360,1,No,22,0
DB01267,Hasan Ahmed,36,Male,Mymensingh,Netrokona,SSC,Salaried,84900,Savings,566200,702,Education,646000,36,9.84,19710,2,Yes,18,0
DB01268,Fahim Sultana,36,Male,Mymensingh,Mymensingh,SSC,Other,22600,Current,192300,734,Education,288000,48,11.71,6700,6,No,17,0
DB01269,Arif Hasan,31,Female,Chattogram,Feni,Graduate,Other,132400,Savings,434100,617,Personal,295000,240,9.45,1350,2,No,20,0
DB01270,Rahim Islam,30,Female,Dhaka,Gazipur,Graduate,Other,46200,Current,502700,715,Personal,584000,60,10.52,10760,0,Yes,16,0
DB01271,Mim Rahman,47,Female,Rangpur,Nilphamari,Masters,Salaried,25700,Savings,134300,764,Business,891000,60,10.6,16420,0,No,24,0
DB01272,Ayesha Ahmed,53,Male,Dhaka,Narayanganj,SSC,Business,104300,Savings,1204600,720,Personal,1016000,84,10.1,13320,2,No,14,0
DB01273,Nayeem Khan,28,Male,Mymensingh,Jamalpur,Masters,Salaried,22500,Savings,199000,607,Auto,450000,120,8.47,4070,3,No,21,0
DB01274,Fahim Islam,29,Female,Sylhet,Habiganj,Masters,Other,46600,Current,145800,754,Education,299000,84,9.99,3920,2,No,21,0
DB01275,Mim Sultana,47,Male,Dhaka,Dhaka,Masters,Business,33300,Savings,334500,744,Personal,209000,120,9,1900,0,No,21,0
DB01276,Mizan Hossain,25,Female,Khulna,Satkhira,Graduate,Government,45300,Salary,536800,692,Auto,341000,120,11.24,3160,0,No,18,0
DB01277,Jahid Ahmed,29,Female,Chattogram,Noakhali,HSC,Business,36400,Current,339800,646,Home,1495000,180,10.51,9180,2,No,20,0
DB01278,Karim Akter,44,Female,Dhaka,Faridpur,SSC,Self-employed,47600,Savings,346500,673,Home,2085000,12,10.54,192060,2,No,16,1
DB01279,Nayeem Chowdhury,39,Male,Dhaka,Faridpur,HSC,Business,87400,Salary,745700,687,Personal,188000,12,10.8,17360,2,No,16,0
DB01280,Mariya Khan,21,Male,Dhaka,Gazipur,HSC,Salaried,87400,Savings,497400,716,Personal,357000,36,9.36,10840,3,No,17,0
DB01281,Sadia Islam,31,Male,Khulna,Jashore,Graduate,Government,36800,Savings,251100,663,Personal,598000,120,11.72,5570,5,No,27,0
DB01282,Mehedi Islam,36,Female,Dhaka,Faridpur,Graduate,Self-employed,59000,Savings,378300,615,Home,2102000,120,11.2,19480,1,No,22,1
DB01283,Jannat Hasan,44,Male,Dhaka,Faridpur,SSC,Government,46100,Savings,227800,747,Education,468000,180,10.46,2870,2,No,20,0
DB01284,Sakib Islam,36,Female,Rangpur,Lalmonirhat,HSC,Self-employed,15000,Savings,56700,701,Home,3142000,48,8.39,70950,4,No,14,1
DB01285,Rafi Sultana,33,Female,Dhaka,Gazipur,Graduate,Salaried,78500,Current,645700,677,Personal,470000,180,10.27,2880,0,Yes,18,0
DB01286,Mehedi Akter,49,Male,Khulna,Kushtia,Graduate,Business,78600,Salary,903400,714,Auto,653000,180,10.95,4030,2,No,13,0
DB01287,Hasan Khan,42,Male,Chattogram,Noakhali,Graduate,Salaried,81000,Salary,900200,562,Home,3574000,84,12.15,47720,0,No,19,1
DB01288,Sumaiya Ahmed,34,Male,Chattogram,Cumilla,HSC,Government,120700,Savings,1001900,804,Business,1249000,60,8.39,22560,2,No,17,0
DB01289,Tanvir Hasan,37,Female,Rangpur,Lalmonirhat,SSC,Self-employed,115800,Salary,553600,745,Auto,452000,84,7.62,5790,2,No,19,0
DB01290,Sakib Ahmed,26,Male,Rajshahi,Rajshahi,Graduate,Business,33200,Current,382800,749,Education,355000,36,13.85,11230,2,No,25,0
DB01291,Sumaiya Islam,32,Female,Mymensingh,Mymensingh,Masters,Self-employed,76900,Savings,323000,717,Personal,387000,12,12.92,36420,2,No,17,0
DB01292,Hossain Rahman,47,Female,Dhaka,Tangail,Graduate,Salaried,130300,Current,489500,766,Home,2325000,60,10.78,42930,1,No,17,0
DB01293,Mariya Akter,21,Male,Rangpur,Dinajpur,SSC,Business,28400,Salary,120900,546,Auto,664000,120,9.5,6060,1,No,21,1
DB01294,Mehedi Hasan,33,Male,Sylhet,Sunamganj,Graduate,Salaried,29200,Current,208900,641,Personal,515000,60,10.22,9460,1,Yes,20,1
DB01295,Nayeem Hossain,37,Female,Rajshahi,Natore,Graduate,Salaried,42600,Savings,93900,629,Personal,282000,36,10.09,8620,1,No,18,0
DB01296,Shakil Hossain,44,Female,Dhaka,Gazipur,Graduate,Business,84300,Salary,336600,702,Business,700000,60,10.62,12910,1,No,18,0
DB01297,Nayeem Sultana,49,Female,Mymensingh,Mymensingh,SSC,Self-employed,101300,Salary,1037000,625,Auto,607000,24,11.77,28270,1,No,17,0
DB01298,Jahid Sultana,21,Male,Khulna,Khulna,SSC,Salaried,39300,Salary,108700,664,Business,1777000,60,8.97,32270,1,No,18,0
DB01299,Sadia Sultana,36,Female,Barishal,Jhalokathi,Graduate,Self-employed,42600,Current,346000,777,Auto,711000,120,8.76,6440,2,No,21,0
DB01300,Fahim Islam,30,Female,Rangpur,Lalmonirhat,SSC,Self-employed,80000,Salary,799500,717,Home,1708000,60,9.26,31100,5,No,30,0
DB01301,Arif Chowdhury,52,Male,Rajshahi,Pabna,Graduate,Self-employed,65600,Salary,155200,703,Personal,660000,84,11.47,8760,0,No,17,0
DB01302,Nusrat Islam,51,Male,Khulna,Kushtia,HSC,Salaried,45700,Current,161900,683,Personal,604000,48,11.13,13980,0,No,18,0
DB01303,Rahim Hossain,32,Female,Rajshahi,Natore,SSC,Government,68400,Current,368700,705,Auto,574000,12,12.99,54050,2,Yes,25,0
DB01304,Mariya Hasan,36,Female,Khulna,Khulna,HSC,Government,71900,Savings,391600,689,Home,2101000,120,8.08,18920,1,No,22,1
DB01305,Imran Ahmed,37,Female,Dhaka,Dhaka,Graduate,Salaried,68600,Savings,341400,699,Personal,803000,240,11.22,3720,3,No,16,0
DB01306,Nayeem Akter,34,Male,Rajshahi,Bogura,Graduate,Self-employed,41200,Current,174600,720,Personal,472000,84,11,6240,2,No,14,0
DB01307,Tania Ahmed,22,Male,Dhaka,Faridpur,Graduate,Other,66700,Salary,567500,725,Personal,498000,180,10.74,3060,2,No,16,1
DB01308,Mizan Sultana,29,Male,Khulna,Kushtia,Graduate,Self-employed,79700,Salary,947500,647,Auto,885000,180,10.52,5430,4,No,19,0
DB01309,Rafi Akter,36,Female,Dhaka,Tangail,Graduate,Salaried,56700,Salary,366900,712,Education,218000,84,13.68,2950,4,No,19,0
DB01310,Shakil Akter,45,Female,Dhaka,Dhaka,HSC,Salaried,66100,Salary,257000,758,Personal,453000,24,11.79,21100,2,No,19,0
DB01311,Mariya Islam,43,Male,Dhaka,Tangail,Graduate,Self-employed,48000,Savings,133400,551,Home,1287000,240,11.46,5980,5,No,11,0
DB01312,Mizan Sultana,30,Male,Chattogram,Noakhali,Graduate,Salaried,68700,Savings,727600,759,Education,158000,36,9.79,4820,3,No,22,0
DB01313,Hossain Rahman,40,Male,Dhaka,Dhaka,Graduate,Business,49700,Current,587700,727,Education,386000,12,8.09,34770,2,No,25,0
DB01314,Mariya Hasan,21,Male,Barishal,Jhalokathi,SSC,Government,56700,Savings,594900,617,Home,2580000,240,9.37,11760,1,No,15,0
DB01315,Ayesha Rahman,47,Male,Rangpur,Nilphamari,HSC,Business,77700,Savings,774800,575,Auto,628000,48,13.26,14820,3,No,15,0
DB01316,Mizan Ahmed,26,Male,Dhaka,Gazipur,Masters,Other,248200,Salary,2611300,713,Education,201000,36,7.31,5990,2,No,28,0
DB01317,Mariya Hossain,28,Male,Mymensingh,Mymensingh,HSC,Business,69000,Savings,168900,739,Business,2218000,24,11.22,102790,6,Yes,16,1
DB01318,Mim Akter,31,Female,Khulna,Satkhira,Graduate,Other,27200,Current,69400,678,Home,2508000,36,9.87,76540,1,Yes,21,1
DB01319,Sadia Rahman,30,Male,Dhaka,Gazipur,Graduate,Salaried,139500,Current,1458400,717,Home,2115000,120,10.52,19480,4,No,21,0
DB01320,Sakib Rahman,43,Male,Dhaka,Gazipur,Masters,Self-employed,38700,Salary,373600,646,Home,1890000,180,11.74,11730,2,No,17,1
DB01321,Jahid Khan,40,Female,Rangpur,Nilphamari,Graduate,Self-employed,47500,Current,418300,749,Auto,614000,120,11.31,5700,3,No,18,0
DB01322,Mariya Ahmed,38,Male,Mymensingh,Netrokona,Graduate,Salaried,33200,Savings,260000,727,Business,1387000,12,10.76,128020,3,No,21,1
DB01323,Karim Sultana,36,Male,Sylhet,Sunamganj,SSC,Government,178600,Salary,1493400,684,Home,2045000,180,8.02,12270,1,Yes,21,1
DB01324,Sumaiya Hossain,56,Male,Rangpur,Dinajpur,HSC,Self-employed,41700,Savings,401700,660,Education,711000,48,8.49,16070,2,No,16,0
DB01325,Fahim Hossain,36,Male,Mymensingh,Jamalpur,Graduate,Business,30700,Current,233200,721,Personal,253000,48,8.76,5730,4,No,22,0
DB01326,Mariya Hossain,41,Female,Rajshahi,Rajshahi,Graduate,Other,66300,Savings,553700,615,Auto,591000,240,8.2,2660,1,No,15,0
DB01327,Rahim Ahmed,45,Male,Rajshahi,Pabna,SSC,Government,76000,Savings,659500,633,Auto,504000,36,11.37,15590,3,No,27,0
DB01328,Jahid Sultana,45,Male,Rajshahi,Bogura,SSC,Business,53000,Savings,615200,685,Business,1311000,240,11.84,6110,5,No,23,0
DB01329,Sohel Hossain,44,Female,Chattogram,Noakhali,SSC,Other,33800,Savings,75000,728,Personal,522000,120,11.84,4870,0,Yes,17,0
DB01330,Jannat Sultana,28,Male,Mymensingh,Sherpur,Graduate,Salaried,56100,Salary,362800,661,Home,1471000,60,12.2,27510,2,No,21,0
DB01331,Arif Akter,39,Female,Rangpur,Dinajpur,Graduate,Self-employed,33600,Savings,216900,679,Personal,283000,84,10.83,3730,0,No,30,0
DB01332,Sohel Islam,34,Male,Dhaka,Gazipur,Graduate,Government,47300,Salary,493900,762,Auto,763000,120,11.35,7080,3,No,16,0
DB01333,Hossain Rahman,50,Male,Dhaka,Faridpur,Graduate,Salaried,47300,Savings,282800,754,Personal,279000,36,10.16,8540,3,No,19,0
DB01334,Sakib Islam,21,Female,Rangpur,Lalmonirhat,Graduate,Business,66500,Savings,291000,680,Business,869000,36,11.64,26950,3,No,18,0
DB01335,Jahid Rahman,35,Male,Chattogram,Feni,Masters,Business,71400,Savings,591900,684,Home,2109000,60,9.16,38370,3,No,20,1
DB01336,Arif Akter,23,Male,Rajshahi,Pabna,Graduate,Business,148100,Current,1124100,729,Auto,530000,60,8.23,9560,3,No,20,0
DB01337,Mizan Chowdhury,34,Male,Dhaka,Dhaka,Graduate,Other,64700,Salary,256000,689,Auto,336000,84,10.2,4410,4,No,20,0
DB01338,Hasan Chowdhury,38,Male,Mymensingh,Netrokona,Masters,Salaried,34900,Current,185700,665,Education,336000,12,8.96,30510,0,No,16,0
DB01339,Jannat Ahmed,41,Female,Dhaka,Tangail,Graduate,Salaried,64700,Savings,210100,705,Education,337000,24,11.77,15690,3,No,18,0
DB01340,Sadia Akter,51,Female,Mymensingh,Mymensingh,Graduate,Salaried,50500,Savings,522200,620,Business,1227000,36,10.74,37740,1,No,21,0
DB01341,Nayeem Khan,32,Male,Dhaka,Dhaka,HSC,Government,60300,Savings,493100,691,Personal,510000,48,9.59,11640,3,Yes,15,0
DB01342,Sumaiya Khan,39,Male,Dhaka,Faridpur,Graduate,Salaried,30900,Savings,339800,761,Personal,436000,60,10.51,8030,5,Yes,34,0
DB01343,Sumaiya Chowdhury,37,Male,Sylhet,Sylhet,Graduate,Other,38500,Savings,147100,721,Business,1015000,12,9.63,92730,2,No,15,1
DB01344,Mehedi Islam,22,Male,Chattogram,Cox's Bazar,Graduate,Government,85400,Savings,639500,619,Business,849000,48,9.28,19330,3,No,17,0
DB01345,Mim Chowdhury,31,Male,Dhaka,Dhaka,HSC,Self-employed,70400,Savings,382300,690,Personal,320000,36,12.29,9980,2,No,21,0
DB01346,Mariya Khan,45,Female,Dhaka,Dhaka,Graduate,Salaried,46900,Current,468500,731,Business,2061000,12,13.49,194920,3,No,18,1
DB01347,Rahim Akter,41,Male,Dhaka,Faridpur,Graduate,Salaried,45300,Savings,158700,680,Home,3071000,60,9.06,55820,3,No,25,0
DB01348,Hossain Chowdhury,36,Female,Sylhet,Habiganj,Graduate,Self-employed,85700,Salary,930300,661,Business,1419000,24,13.44,67070,0,No,23,0
DB01349,Sadia Akter,24,Female,Khulna,Kushtia,Graduate,Salaried,45200,Salary,303600,748,Home,2362000,12,9.82,216160,1,Yes,20,1
DB01350,Tania Hossain,41,Female,Rajshahi,Naogaon,SSC,Salaried,76000,Current,290600,775,Auto,583000,60,11.31,10820,0,No,19,0
DB01351,Sakib Islam,35,Male,Sylhet,Sunamganj,HSC,Business,37600,Current,411100,683,Business,836000,48,13.13,19700,2,No,13,0
DB01352,Mariya Akter,54,Male,Dhaka,Narayanganj,Masters,Self-employed,45300,Savings,240500,756,Home,1602000,36,10.55,49190,3,No,16,0
DB01353,Sadia Ahmed,21,Male,Rajshahi,Bogura,HSC,Salaried,56300,Salary,318100,677,Education,490000,180,8.84,2960,4,No,21,0
DB01354,Imran Hossain,39,Male,Dhaka,Faridpur,Masters,Salaried,61100,Current,263200,614,Personal,671000,24,9.75,30680,1,No,15,0
DB01355,Arif Islam,42,Male,Dhaka,Dhaka,Graduate,Salaried,55100,Salary,504000,600,Auto,689000,36,8.94,20850,0,No,21,0
DB01356,Mizan Khan,46,Male,Rajshahi,Pabna,Graduate,Salaried,102000,Current,931800,693,Home,2282000,24,11.62,106130,4,Yes,12,0
DB01357,Hossain Khan,30,Male,Dhaka,Tangail,Graduate,Salaried,29900,Savings,85700,597,Home,1374000,36,8.95,41580,1,No,23,1
DB01358,Arif Chowdhury,43,Female,Rajshahi,Bogura,HSC,Business,65400,Savings,635800,671,Personal,528000,48,9.57,12050,3,No,13,0
DB01359,Tanvir Akter,49,Male,Chattogram,Noakhali,SSC,Business,43900,Savings,229200,695,Auto,979000,24,10.97,45270,2,No,17,0
DB01360,Imran Hossain,32,Male,Dhaka,Dhaka,Graduate,Government,60300,Savings,340300,764,Education,364000,12,11.72,33890,3,Yes,21,0
DB01361,Karim Hossain,58,Male,Dhaka,Gazipur,HSC,Self-employed,16800,Savings,134600,685,Personal,640000,60,8.27,11550,6,No,19,0
DB01362,Rafi Akter,30,Female,Dhaka,Dhaka,Graduate,Government,31300,Savings,268900,820,Personal,608000,36,10.9,18730,6,No,15,0
DB01363,Nusrat Chowdhury,44,Male,Rajshahi,Bogura,Graduate,Salaried,40100,Current,375800,675,Personal,500000,36,9.36,15190,3,No,12,0
DB01364,Ayesha Khan,30,Male,Khulna,Khulna,Masters,Government,38000,Salary,292400,763,Auto,1039000,84,8.14,13380,1,No,24,1
DB01365,Imran Islam,32,Female,Chattogram,Cumilla,Graduate,Business,84600,Current,481200,793,Home,4149000,120,10.28,38130,1,No,19,1
DB01366,Hasan Akter,43,Male,Chattogram,Cumilla,SSC,Business,24200,Current,125600,650,Auto,764000,24,7.67,34270,1,No,23,0
DB01367,Mizan Chowdhury,43,Male,Chattogram,Cumilla,Masters,Government,136900,Savings,1579200,716,Business,672000,24,11.11,31110,3,No,20,0
DB01368,Tanvir Chowdhury,48,Female,Mymensingh,Netrokona,Graduate,Business,54600,Savings,294400,746,Personal,290000,36,10.18,8880,1,No,21,0
DB01369,Rahim Hasan,41,Female,Chattogram,Feni,Masters,Salaried,59400,Savings,217500,728,Personal,677000,84,10.91,8940,2,No,26,0
DB01370,Jannat Chowdhury,35,Female,Mymensingh,Sherpur,Graduate,Other,57000,Savings,368600,743,Personal,541000,36,10.37,16590,0,No,19,0
DB01371,Sakib Khan,36,Female,Chattogram,Chattogram,Graduate,Salaried,58000,Savings,231000,762,Personal,1225000,48,11.75,28520,1,No,19,0
DB01372,Arif Islam,21,Male,Dhaka,Narayanganj,HSC,Other,47600,Current,515100,660,Personal,223000,36,12.16,6950,0,No,19,0
DB01373,Mariya Chowdhury,44,Female,Dhaka,Tangail,SSC,Business,71400,Savings,528500,635,Business,1492000,240,8.95,6770,1,No,14,0
DB01374,Nayeem Ahmed,29,Male,Rangpur,Kurigram,HSC,Business,98100,Current,990500,715,Home,2232000,48,10.61,51430,1,Yes,15,0
DB01375,Imran Rahman,47,Male,Rangpur,Kurigram,HSC,Salaried,63500,Salary,143600,689,Personal,276000,12,10.07,25320,4,No,18,0
DB01376,Shakil Khan,34,Male,Dhaka,Gazipur,Graduate,Self-employed,53200,Salary,401700,699,Personal,524000,12,9.25,47710,2,No,8,0
DB01377,Tania Chowdhury,35,Male,Rangpur,Rangpur,Graduate,Government,178400,Current,2112400,630,Auto,777000,240,12.34,3640,1,No,19,0
DB01378,Fahim Khan,34,Female,Sylhet,Moulvibazar,HSC,Other,55000,Savings,268700,644,Business,1649000,60,11.14,30540,0,No,15,1
DB01379,Sohel Hossain,58,Male,Dhaka,Narayanganj,Masters,Self-employed,82300,Savings,656400,624,Personal,891000,24,11.26,41310,3,No,27,0
DB01380,Rahim Hossain,45,Male,Rangpur,Lalmonirhat,Graduate,Business,55800,Current,408500,616,Education,152000,84,8.84,1970,0,No,22,0
DB01381,Nusrat Khan,31,Male,Barishal,Jhalokathi,Graduate,Salaried,64200,Savings,296600,744,Personal,394000,48,10.46,9070,3,No,11,0
DB01382,Sumaiya Akter,40,Male,Rangpur,Dinajpur,Graduate,Government,42900,Savings,381100,559,Personal,380000,84,10.4,4990,2,No,18,0
DB01383,Nayeem Islam,28,Female,Rangpur,Lalmonirhat,Masters,Salaried,37200,Salary,239000,733,Auto,565000,24,11.34,26210,3,No,24,0
DB01384,Tanvir Chowdhury,38,Female,Dhaka,Dhaka,Graduate,Government,84800,Savings,222800,718,Home,1990000,36,12,61910,2,No,23,0
DB01385,Shakil Chowdhury,35,Male,Dhaka,Faridpur,Graduate,Self-employed,61000,Savings,605300,744,Auto,560000,24,7.92,25180,0,No,16,0
DB01386,Mariya Rahman,37,Male,Dhaka,Faridpur,Graduate,Business,28400,Current,313500,732,Business,594000,36,10.93,18300,3,No,12,0
DB01387,Rahim Hasan,42,Male,Rangpur,Nilphamari,SSC,Salaried,49600,Salary,583200,528,Personal,906000,180,10.14,5540,1,No,17,0
DB01388,Sohel Islam,31,Male,Mymensingh,Sherpur,Graduate,Other,48100,Savings,120500,685,Personal,776000,84,12.86,10430,2,No,25,0
DB01389,Tanvir Hossain,32,Male,Barishal,Bhola,Masters,Business,133800,Salary,978500,760,Business,1601000,240,12.43,7500,3,No,13,0
DB01390,Karim Khan,35,Male,Rajshahi,Rajshahi,Graduate,Self-employed,111100,Current,1067100,726,Education,386000,24,10.26,17730,0,No,18,0
DB01391,Hossain Khan,55,Female,Dhaka,Gazipur,Graduate,Self-employed,55100,Savings,512600,664,Auto,970000,60,8.09,17470,0,Yes,16,0
DB01392,Arif Ahmed,36,Female,Khulna,Khulna,Graduate,Other,42500,Savings,361300,656,Home,1792000,60,7.74,32180,1,No,21,0
DB01393,Mizan Khan,43,Male,Mymensingh,Sherpur,Masters,Other,40300,Salary,252700,697,Education,342000,120,10.48,3150,3,No,10,0
DB01394,Shakil Sultana,30,Male,Dhaka,Dhaka,Masters,Business,103700,Current,413300,737,Personal,618000,84,11.32,8190,1,No,15,0
DB01395,Nayeem Hossain,47,Male,Chattogram,Cumilla,Graduate,Government,53200,Salary,497700,709,Business,2444000,84,10.84,32250,2,No,29,1
DB01396,Arif Rahman,48,Male,Dhaka,Dhaka,HSC,Other,77100,Savings,529500,695,Personal,300000,36,12.27,9360,0,No,18,0
DB01397,Tania Sultana,29,Male,Chattogram,Feni,Masters,Business,50600,Savings,304200,690,Personal,313000,60,10.69,5770,1,No,24,0
DB01398,Mariya Rahman,29,Male,Dhaka,Narayanganj,HSC,Self-employed,53800,Current,244300,671,Business,1113000,120,10.2,10220,1,Yes,19,0
DB01399,Tanvir Akter,30,Female,Chattogram,Cox's Bazar,SSC,Government,27300,Savings,170000,739,Auto,1022000,120,10.09,9380,2,No,24,1
DB01400,Sadia Sultana,24,Male,Dhaka,Gazipur,SSC,Business,59900,Savings,396700,585,Auto,439000,240,8.59,1990,3,No,21,0
DB01401,Sumaiya Ahmed,50,Female,Chattogram,Chattogram,Graduate,Salaried,68900,Savings,788600,759,Home,1080000,48,9.44,24620,5,No,21,0
DB01402,Karim Akter,44,Female,Barishal,Pirojpur,Masters,Business,41100,Savings,400800,742,Personal,311000,180,10.03,1900,3,No,23,0
DB01403,Tania Khan,35,Male,Mymensingh,Mymensingh,Graduate,Other,50200,Savings,321900,665,Business,1446000,48,10.67,33340,4,No,16,1
DB01404,Tanvir Chowdhury,30,Male,Chattogram,Cumilla,Graduate,Salaried,68600,Salary,215700,686,Business,621000,84,7,7910,0,No,26,0
DB01405,Arif Chowdhury,32,Male,Chattogram,Cox's Bazar,Graduate,Self-employed,44000,Salary,112400,680,Home,1837000,24,11.71,85500,2,No,14,1
DB01406,Tanvir Rahman,29,Female,Dhaka,Faridpur,Graduate,Salaried,56000,Salary,375400,720,Home,1939000,180,8.19,11650,4,Yes,18,1
DB01407,Rafi Sultana,28,Male,Chattogram,Cox's Bazar,HSC,Self-employed,72500,Savings,570600,623,Home,1634000,12,10.94,151060,3,Yes,19,1
DB01408,Shakil Khan,40,Female,Dhaka,Tangail,Graduate,Salaried,40000,Salary,266600,694,Personal,397000,180,10.4,2430,1,No,15,0
DB01409,Tania Islam,43,Female,Sylhet,Sylhet,Masters,Self-employed,65400,Salary,639700,670,Business,902000,36,8.44,27170,3,No,14,0
DB01410,Rahim Islam,45,Male,Rajshahi,Rajshahi,HSC,Business,63800,Savings,500000,732,Auto,458000,60,12.08,8560,3,No,23,0
DB01411,Rahim Chowdhury,36,Female,Dhaka,Faridpur,SSC,Salaried,60500,Current,539800,715,Personal,456000,24,10.59,21010,1,No,20,0
DB01412,Mizan Sultana,46,Female,Barishal,Pirojpur,Masters,Other,55400,Current,561300,693,Home,3595000,240,8.76,16290,1,No,22,1
DB01413,Arif Sultana,26,Male,Dhaka,Narayanganj,SSC,Salaried,54400,Savings,128300,633,Auto,407000,180,10.26,2490,0,No,17,0
DB01414,Hasan Hasan,52,Female,Dhaka,Narayanganj,HSC,Business,122600,Salary,673900,690,Auto,726000,240,8.83,3290,2,No,17,0
DB01415,Mariya Khan,52,Female,Dhaka,Faridpur,Graduate,Salaried,49000,Current,503000,594,Personal,612000,84,10,8010,5,No,23,0
DB01416,Tanvir Sultana,45,Male,Rangpur,Dinajpur,HSC,Business,80300,Savings,834300,683,Personal,1129000,240,11.11,5230,1,No,13,0
DB01417,Fahim Ahmed,38,Male,Khulna,Jashore,Masters,Business,70700,Salary,819500,743,Auto,392000,180,8.6,2370,0,No,18,0
DB01418,Sohel Hossain,42,Female,Barishal,Barishal,Graduate,Business,68500,Salary,617200,762,Home,1024000,84,12.55,13720,2,No,19,0
DB01419,Ayesha Rahman,35,Female,Chattogram,Noakhali,SSC,Other,64800,Current,625900,692,Personal,280000,60,10.98,5180,3,No,16,1
DB01420,Hasan Sultana,40,Female,Khulna,Kushtia,Graduate,Salaried,22300,Salary,89000,687,Education,253000,24,10.72,11670,3,No,20,0
DB01421,Mehedi Rahman,31,Male,Dhaka,Narayanganj,Graduate,Self-employed,78500,Current,289600,695,Personal,797000,36,14.78,25410,2,No,19,0
DB01422,Ayesha Akter,29,Female,Chattogram,Chattogram,Graduate,Business,36300,Savings,158100,850,Personal,774000,120,8.92,7030,1,No,24,0
DB01423,Jannat Khan,43,Female,Dhaka,Dhaka,Masters,Government,30600,Savings,216800,667,Personal,176000,60,10.91,3250,2,No,21,0
DB01424,Mim Rahman,46,Female,Dhaka,Tangail,Graduate,Business,53900,Savings,634900,680,Personal,418000,12,9.65,38190,0,No,23,0
DB01425,Jannat Rahman,40,Male,Chattogram,Cumilla,Graduate,Business,104700,Current,1127000,688,Auto,706000,48,11.52,16400,2,No,27,0
DB01426,Nayeem Akter,48,Male,Rajshahi,Natore,HSC,Salaried,44800,Current,291200,646,Business,1614000,60,12.7,30320,4,No,17,1
DB01427,Imran Ahmed,41,Male,Chattogram,Cumilla,SSC,Business,40700,Savings,454800,586,Business,1101000,60,10.6,20300,2,No,21,1
DB01428,Mizan Chowdhury,49,Female,Khulna,Satkhira,SSC,Government,39300,Salary,245100,729,Personal,464000,240,8.81,2100,2,No,25,0
DB01429,Mizan Hasan,47,Female,Chattogram,Feni,SSC,Salaried,54200,Savings,443400,800,Home,2068000,120,11.1,19150,1,No,18,0
DB01430,Nayeem Islam,30,Male,Rajshahi,Rajshahi,Masters,Other,53800,Savings,179400,694,Personal,887000,60,9.7,16220,1,No,17,0
DB01431,Tania Akter,45,Male,Rajshahi,Naogaon,Graduate,Salaried,168200,Salary,1840400,691,Auto,483000,12,12.72,45370,0,No,16,0
DB01432,Mariya Hossain,21,Female,Dhaka,Faridpur,Graduate,Government,40700,Savings,377900,676,Auto,429000,120,10.86,3960,2,No,16,0
DB01433,Ayesha Sultana,34,Male,Dhaka,Narayanganj,Graduate,Salaried,32300,Savings,287900,716,Personal,387000,48,11.6,9000,3,No,20,0
DB01434,Jannat Hasan,26,Male,Chattogram,Cox's Bazar,Graduate,Other,91000,Salary,561600,646,Auto,628000,120,13.53,5940,3,No,18,1
DB01435,Jahid Rahman,41,Female,Chattogram,Chattogram,SSC,Business,69700,Savings,732900,665,Personal,302000,84,10.23,3960,2,No,19,0
DB01436,Sakib Ahmed,46,Male,Dhaka,Narayanganj,SSC,Government,40400,Salary,231800,778,Personal,404000,240,9.79,1850,1,No,21,0
DB01437,Nusrat Rahman,48,Male,Dhaka,Faridpur,HSC,Business,78700,Savings,720900,631,Business,3718000,120,11.23,34460,0,Yes,25,1
DB01438,Fahim Sultana,36,Male,Dhaka,Dhaka,Graduate,Salaried,32900,Savings,108000,665,Business,510000,60,7.6,9150,2,No,23,1
DB01439,Sakib Rahman,39,Male,Rangpur,Lalmonirhat,Graduate,Other,70800,Current,741000,708,Personal,940000,60,8.38,16980,2,No,21,0
DB01440,Ayesha Akter,34,Male,Barishal,Pirojpur,HSC,Self-employed,40400,Current,457500,735,Personal,463000,36,8.41,13940,0,No,20,0
DB01441,Rahim Hasan,46,Male,Chattogram,Noakhali,SSC,Salaried,49400,Current,517800,695,Personal,634000,60,9.22,11540,2,No,19,0
DB01442,Tanvir Islam,36,Male,Rajshahi,Natore,SSC,Other,74000,Salary,881100,689,Personal,421000,36,8.15,12650,4,No,19,0
DB01443,Karim Sultana,40,Female,Dhaka,Tangail,Graduate,Business,59400,Salary,484100,661,Home,2987000,180,11.6,18520,0,No,18,1
DB01444,Jahid Khan,35,Male,Khulna,Jashore,Graduate,Business,56300,Savings,459300,591,Home,1735000,48,10.95,40100,3,No,18,0
DB01445,Karim Ahmed,39,Female,Rajshahi,Natore,Graduate,Salaried,87700,Savings,466300,730,Personal,359000,60,10.39,6610,3,No,14,0
DB01446,Rahim Khan,32,Female,Sylhet,Habiganj,HSC,Government,81500,Current,353600,742,Education,370000,36,9.99,11300,1,No,22,0
DB01447,Tania Akter,51,Female,Dhaka,Dhaka,Masters,Salaried,45300,Savings,131600,566,Home,2659000,240,7.06,11860,3,No,16,1
DB01448,Imran Hasan,41,Male,Sylhet,Habiganj,Graduate,Government,64500,Savings,617300,699,Personal,571000,180,8.1,3430,2,No,21,0
DB01449,Sumaiya Rahman,34,Male,Dhaka,Gazipur,Graduate,Business,62900,Savings,536100,709,Business,782000,24,9.87,35800,4,No,22,0
DB01450,Nusrat Hasan,38,Male,Dhaka,Narayanganj,Graduate,Business,94200,Savings,453900,723,Personal,475000,84,12.35,6350,0,No,27,0
DB01451,Nayeem Rahman,51,Female,Khulna,Kushtia,Graduate,Salaried,48200,Current,348000,775,Personal,895000,36,11.15,27630,2,No,10,0
DB01452,Fahim Sultana,32,Male,Khulna,Jashore,Graduate,Business,40700,Savings,361900,795,Education,311000,60,7.9,5590,4,No,21,0
DB01453,Ayesha Hossain,48,Male,Rangpur,Rangpur,Masters,Salaried,64600,Savings,277100,721,Personal,221000,24,7.5,9900,1,No,19,0
DB01454,Sumaiya Chowdhury,29,Female,Chattogram,Feni,Masters,Business,41900,Savings,447900,813,Education,201000,60,11.57,3740,2,No,25,0
DB01455,Sohel Hossain,31,Male,Rajshahi,Natore,SSC,Self-employed,19800,Savings,173600,670,Personal,452000,60,11.34,8390,1,No,18,1
DB01456,Tanvir Rahman,24,Female,Barishal,Jhalokathi,Graduate,Self-employed,43700,Current,203900,680,Home,2439000,60,8.77,44220,2,No,22,1
DB01457,Sakib Chowdhury,35,Male,Dhaka,Gazipur,Graduate,Government,76600,Savings,350700,699,Home,2741000,120,10.23,25180,3,No,18,1
DB01458,Fahim Khan,26,Female,Dhaka,Faridpur,Graduate,Salaried,29400,Savings,227200,738,Home,1367000,180,9.48,8310,2,No,18,1
DB01459,Hasan Chowdhury,42,Female,Dhaka,Faridpur,HSC,Other,58400,Current,554100,597,Auto,536000,240,12.43,2510,3,No,16,0
DB01460,Sohel Akter,36,Male,Chattogram,Cumilla,Masters,Salaried,99000,Savings,342100,777,Personal,314000,36,11.99,9770,2,No,12,0
DB01461,Nusrat Chowdhury,39,Female,Rajshahi,Natore,Graduate,Self-employed,65200,Savings,699500,652,Personal,319000,36,10.08,9750,2,No,21,0
DB01462,Sohel Sultana,49,Female,Rangpur,Kurigram,Graduate,Self-employed,32000,Salary,341100,725,Personal,585000,48,14.46,13950,1,No,19,0
DB01463,Hossain Akter,45,Male,Khulna,Khulna,HSC,Business,48900,Salary,283200,640,Personal,575000,120,10.29,5280,2,No,21,0
DB01464,Nayeem Hossain,34,Male,Dhaka,Dhaka,Graduate,Business,31000,Current,124500,602,Education,373000,24,11.33,17300,1,No,16,0
DB01465,Karim Rahman,21,Female,Mymensingh,Jamalpur,Graduate,Government,34300,Savings,367400,532,Auto,568000,36,11.19,17540,5,No,21,1
DB01466,Sohel Islam,30,Female,Dhaka,Faridpur,Masters,Salaried,73300,Savings,777200,592,Home,1183000,24,10.48,54460,1,No,15,0
DB01467,Hasan Hossain,38,Female,Dhaka,Tangail,Masters,Business,66100,Current,739400,747,Business,1394000,60,10.55,25680,3,Yes,15,1
DB01468,Tanvir Hossain,32,Female,Dhaka,Dhaka,Graduate,Business,71200,Savings,233400,764,Home,2231000,36,9.33,67750,3,No,12,0
DB01469,Arif Hossain,30,Female,Dhaka,Tangail,SSC,Salaried,27200,Savings,186600,701,Business,1860000,36,8.57,56090,6,No,17,0
DB01470,Sohel Akter,33,Male,Khulna,Bagerhat,HSC,Government,32000,Savings,321300,699,Business,1088000,60,10.42,20020,4,No,16,0
DB01471,Sakib Akter,32,Male,Rajshahi,Rajshahi,HSC,Salaried,76900,Current,200400,776,Auto,406000,240,10.31,1870,0,Yes,17,0
DB01472,Mizan Ahmed,45,Male,Chattogram,Chattogram,Graduate,Other,57100,Savings,313800,758,Home,2419000,240,11.82,11270,3,No,19,1
DB01473,Arif Akter,38,Male,Chattogram,Cox's Bazar,Graduate,Salaried,124600,Salary,372100,667,Personal,214000,24,12.18,10000,1,No,15,0
DB01474,Mim Sultana,31,Male,Khulna,Khulna,Masters,Salaried,123900,Salary,370500,748,Personal,469000,60,10.11,8610,2,Yes,26,0
DB01475,Ayesha Khan,34,Female,Chattogram,Chattogram,Graduate,Other,45200,Savings,112700,699,Home,2527000,240,11.45,11730,1,No,21,1
DB01476,Mim Ahmed,48,Female,Dhaka,Narayanganj,Graduate,Government,25200,Savings,93000,605,Business,1171000,180,9.88,7150,2,No,18,0
DB01477,Nayeem Sultana,26,Female,Barishal,Bhola,HSC,Business,107300,Salary,315300,657,Personal,347000,240,11.35,1610,1,Yes,21,0
DB01478,Jannat Akter,23,Male,Chattogram,Noakhali,HSC,Government,42300,Savings,480200,713,Auto,459000,120,10.46,4230,4,No,18,0
DB01479,Hossain Ahmed,26,Male,Chattogram,Feni,HSC,Self-employed,74000,Current,377100,725,Personal,221000,120,14.21,2100,0,No,20,0
DB01480,Shakil Chowdhury,21,Male,Mymensingh,Netrokona,HSC,Self-employed,149300,Current,1549800,670,Business,1244000,36,11.57,38550,2,No,20,0
DB01481,Rafi Rahman,38,Male,Chattogram,Noakhali,HSC,Business,64900,Current,427800,808,Home,3077000,120,10.17,28250,2,Yes,11,1
DB01482,Fahim Ahmed,25,Female,Rangpur,Rangpur,HSC,Salaried,26300,Current,279800,680,Auto,721000,12,8.72,65320,4,No,23,1
DB01483,Arif Khan,42,Female,Dhaka,Faridpur,HSC,Government,69200,Savings,383100,693,Personal,872000,48,8.97,19800,1,No,22,0
DB01484,Sumaiya Hasan,42,Female,Mymensingh,Jamalpur,SSC,Business,67000,Savings,458700,670,Auto,595000,24,10.61,27420,1,No,15,0
DB01485,Imran Rahman,41,Female,Chattogram,Noakhali,Graduate,Other,66200,Salary,220100,850,Personal,346000,60,10.23,6360,0,No,17,0
DB01486,Sumaiya Ahmed,49,Male,Rangpur,Rangpur,Masters,Business,53800,Current,462700,691,Personal,283000,12,10.95,26170,2,No,19,0
DB01487,Mariya Sultana,41,Male,Rangpur,Kurigram,Graduate,Salaried,53100,Savings,183300,704,Auto,1003000,60,7.88,18030,5,No,21,0
DB01488,Sohel Ahmed,41,Male,Rajshahi,Natore,Graduate,Business,47200,Current,280700,674,Home,1589000,120,7.78,14270,4,No,23,0
DB01489,Tanvir Islam,39,Female,Dhaka,Gazipur,Masters,Government,70400,Savings,770800,735,Home,3099000,36,10.74,95330,1,No,16,1
DB01490,Sakib Rahman,39,Female,Khulna,Bagerhat,Graduate,Government,47300,Savings,404300,682,Education,207000,36,11.77,6430,2,No,21,0
DB01491,Mariya Islam,21,Male,Chattogram,Chattogram,HSC,Government,41700,Salary,219500,691,Auto,841000,60,9.14,15300,3,No,12,0
DB01492,Sohel Hasan,40,Female,Sylhet,Sylhet,HSC,Business,60100,Salary,689700,687,Personal,440000,24,8.33,19860,4,No,13,0
DB01493,Fahim Sultana,35,Male,Khulna,Jashore,Masters,Business,104200,Savings,480500,658,Auto,747000,24,11.55,34720,2,No,21,0
DB01494,Tania Chowdhury,47,Female,Dhaka,Tangail,Masters,Salaried,34000,Current,261300,686,Home,2869000,84,10.63,37790,0,No,18,1
DB01495,Nusrat Hossain,36,Male,Dhaka,Gazipur,HSC,Government,37000,Salary,339900,710,Education,282000,48,12.03,6580,3,No,13,0
DB01496,Tanvir Rahman,36,Male,Chattogram,Chattogram,Graduate,Salaried,87000,Savings,250800,679,Business,751000,84,11.52,9970,2,No,18,0
DB01497,Sohel Akter,38,Male,Rangpur,Nilphamari,Graduate,Government,61300,Savings,164900,699,Home,1080000,180,10.34,6620,1,Yes,18,0
DB01498,Mehedi Rahman,31,Female,Rangpur,Kurigram,Masters,Salaried,80000,Current,626000,693,Business,1141000,48,10.1,26170,1,No,11,0
DB01499,Ayesha Akter,47,Male,Rangpur,Dinajpur,HSC,Self-employed,169600,Savings,1365700,707,Education,299000,12,10.66,27570,3,No,19,0
DB01500,Tanvir Hossain,42,Female,Chattogram,Cumilla,Graduate,Self-employed,63600,Current,352100,698,Business,1138000,36,9.33,34560,2,No,20,0
DB01501,Rahim Hasan,27,Female,Rangpur,Lalmonirhat,Graduate,Salaried,43000,Savings,332600,658,Home,2038000,12,10.06,186920,0,No,23,1
DB01502,Sakib Ahmed,40,Female,Rajshahi,Bogura,Graduate,Other,46100,Current,518900,741,Personal,724000,60,7.89,13020,2,No,24,0
DB01503,Sumaiya Chowdhury,30,Female,Mymensingh,Jamalpur,Graduate,Business,28700,Savings,290500,730,Personal,780000,60,12.64,14640,4,No,25,0
DB01504,Jannat Akter,45,Male,Rangpur,Kurigram,Graduate,Government,46900,Savings,180400,681,Personal,216000,36,10.01,6600,0,Yes,14,0
DB01505,Nusrat Hasan,39,Male,Chattogram,Chattogram,HSC,Government,90500,Savings,259400,658,Personal,1099000,60,12.26,20560,3,No,22,0
DB01506,Karim Islam,40,Female,Dhaka,Dhaka,Masters,Government,35500,Savings,281200,637,Home,2049000,240,10.71,9450,0,No,10,1
DB01507,Mim Sultana,41,Male,Sylhet,Sylhet,HSC,Government,50400,Savings,551100,768,Auto,441000,48,11.31,10230,1,No,19,0
DB01508,Hossain Khan,42,Female,Mymensingh,Jamalpur,Graduate,Salaried,36200,Current,271600,612,Auto,482000,60,11.64,8970,2,No,17,0
DB01509,Tania Hossain,54,Female,Rajshahi,Rajshahi,Graduate,Business,81700,Savings,702200,745,Personal,258000,36,10.7,7930,3,Yes,20,0
DB01510,Arif Khan,38,Female,Sylhet,Moulvibazar,Graduate,Business,79300,Salary,694000,791,Education,249000,120,9.74,2280,1,No,19,0
DB01511,Mariya Islam,36,Male,Mymensingh,Mymensingh,Masters,Salaried,31800,Salary,266200,750,Personal,764000,24,9.52,34860,1,No,17,0
DB01512,Hasan Sultana,43,Male,Dhaka,Dhaka,Graduate,Business,71200,Current,743600,737,Personal,492000,48,8.21,11090,4,No,23,0
DB01513,Jahid Ahmed,29,Male,Rajshahi,Natore,HSC,Government,51600,Salary,550600,749,Personal,686000,60,10.58,12640,2,No,14,0
DB01514,Sakib Akter,29,Female,Rajshahi,Rajshahi,Graduate,Salaried,15000,Salary,131100,742,Home,1515000,180,8.85,9160,3,Yes,14,1
DB01515,Mizan Sultana,43,Male,Khulna,Jashore,Graduate,Self-employed,35500,Salary,176900,687,Business,1116000,36,11.22,34480,1,No,13,0
DB01516,Imran Islam,36,Male,Khulna,Bagerhat,HSC,Self-employed,51100,Current,176500,746,Personal,434000,36,9.63,13220,0,No,26,0
DB01517,Fahim Ahmed,49,Male,Dhaka,Dhaka,Masters,Other,80000,Savings,210200,652,Home,1704000,120,11.03,15770,2,No,16,0
DB01518,Arif Islam,24,Female,Rangpur,Dinajpur,SSC,Business,66700,Current,725700,723,Personal,422000,84,13.67,5710,2,No,19,0
DB01519,Rahim Rahman,35,Male,Dhaka,Faridpur,Graduate,Government,77500,Savings,358100,746,Home,1857000,240,9.65,8480,1,No,21,0
DB01520,Hossain Chowdhury,43,Female,Dhaka,Narayanganj,Masters,Business,57300,Savings,651800,676,Home,3390000,48,9.37,77240,1,No,24,1
DB01521,Fahim Islam,33,Female,Mymensingh,Netrokona,Graduate,Government,54300,Salary,204500,745,Business,1187000,120,13.66,11240,2,Yes,17,1
DB01522,Nusrat Sultana,37,Male,Rangpur,Lalmonirhat,HSC,Other,99800,Savings,771600,673,Personal,756000,36,10.97,23300,1,No,23,0
DB01523,Mim Islam,34,Female,Chattogram,Chattogram,HSC,Other,38100,Savings,187600,687,Business,1245000,36,10.87,38340,0,No,17,1
DB01524,Sakib Chowdhury,43,Male,Dhaka,Dhaka,Masters,Salaried,85600,Current,890100,695,Personal,322000,36,11.51,9970,1,No,21,0
DB01525,Mizan Akter,21,Male,Dhaka,Faridpur,Graduate,Business,40100,Savings,152600,780,Education,256000,180,9.67,1560,2,No,11,0
DB01526,Arif Hasan,46,Male,Rajshahi,Rajshahi,Masters,Salaried,72500,Savings,578400,653,Personal,179000,120,11.73,1670,4,No,14,0
DB01527,Sohel Hossain,50,Female,Rangpur,Rangpur,SSC,Salaried,44500,Savings,134800,630,Education,172000,60,10.23,3160,3,No,15,0
DB01528,Nayeem Islam,38,Female,Chattogram,Cox's Bazar,HSC,Other,37800,Current,136700,669,Education,205000,24,11.4,9520,1,No,26,0
DB01529,Arif Akter,21,Male,Sylhet,Sunamganj,SSC,Government,54800,Savings,356400,632,Personal,376000,240,12.14,1760,2,No,19,0
DB01530,Tania Hasan,26,Male,Barishal,Bhola,SSC,Salaried,79400,Savings,691300,740,Business,1255000,36,12.64,39270,0,No,19,0
DB01531,Rafi Akter,45,Female,Dhaka,Faridpur,Masters,Business,53500,Savings,640100,597,Personal,1117000,48,11.41,25930,1,No,17,1
DB01532,Shakil Akter,31,Female,Dhaka,Gazipur,HSC,Government,39100,Savings,333400,744,Auto,296000,36,9.64,9010,2,No,18,0
DB01533,Karim Hossain,45,Male,Khulna,Bagerhat,Masters,Salaried,77800,Current,302200,713,Personal,884000,24,8.46,39950,1,No,24,0
DB01534,Jahid Islam,47,Male,Dhaka,Dhaka,Graduate,Business,53200,Savings,141300,617,Personal,419000,24,11.33,19440,2,No,25,0
DB01535,Rahim Sultana,26,Female,Khulna,Bagerhat,HSC,Business,55300,Savings,335100,659,Home,2353000,24,7.03,104930,0,No,13,1
DB01536,Imran Rahman,39,Male,Dhaka,Narayanganj,Graduate,Salaried,56900,Salary,202200,658,Business,1504000,180,9.43,9140,1,Yes,21,0
DB01537,Jahid Hossain,34,Male,Rajshahi,Rajshahi,HSC,Other,49400,Current,379300,755,Business,1247000,180,7.78,7470,4,No,18,0
DB01538,Imran Akter,37,Female,Chattogram,Cox's Bazar,HSC,Government,82000,Savings,319200,678,Auto,760000,48,10.67,17520,3,Yes,15,0
DB01539,Hossain Sultana,31,Male,Rajshahi,Natore,Graduate,Government,47900,Salary,301100,698,Personal,440000,180,11.38,2720,1,No,18,0
DB01540,Shakil Islam,44,Male,Mymensingh,Sherpur,Graduate,Government,38800,Salary,87300,750,Education,538000,84,9.04,6980,1,Yes,20,0
DB01541,Nayeem Rahman,30,Male,Khulna,Khulna,Graduate,Business,66100,Salary,463500,723,Auto,578000,120,9.78,5290,1,No,21,0
DB01542,Sumaiya Sultana,40,Female,Rajshahi,Rajshahi,HSC,Self-employed,44100,Savings,504000,760,Business,1658000,60,10.59,30560,2,No,14,1
DB01543,Shakil Khan,55,Female,Dhaka,Dhaka,Masters,Salaried,119100,Salary,1206400,690,Personal,359000,36,11.18,11090,2,No,16,0
DB01544,Arif Khan,38,Female,Dhaka,Narayanganj,Graduate,Government,15000,Savings,125600,662,Education,361000,24,14.69,17250,0,Yes,14,1
DB01545,Jannat Islam,31,Female,Rangpur,Nilphamari,Graduate,Other,57200,Current,174900,680,Personal,668000,84,10.6,8800,7,Yes,23,1
DB01546,Rahim Islam,35,Male,Khulna,Kushtia,HSC,Government,47600,Salary,373900,638,Auto,481000,84,12.88,6460,0,No,19,0
DB01547,Ayesha Chowdhury,33,Female,Dhaka,Tangail,Graduate,Self-employed,56600,Savings,612800,739,Home,2393000,120,10.2,21980,0,No,12,1
DB01548,Mariya Hasan,40,Male,Khulna,Bagerhat,Graduate,Self-employed,61700,Salary,720200,745,Auto,403000,60,11.17,7470,0,No,14,0
DB01549,Mariya Islam,31,Male,Chattogram,Chattogram,HSC,Business,42400,Current,163800,739,Personal,248000,48,12.53,5810,1,No,16,0
DB01550,Mim Akter,24,Female,Dhaka,Gazipur,Graduate,Self-employed,59400,Savings,517500,719,Personal,381000,180,8.32,2290,0,No,20,1
DB01551,Mim Akter,43,Female,Chattogram,Noakhali,Graduate,Salaried,69000,Savings,290700,747,Personal,925000,36,12.74,28970,0,Yes,18,0
DB01552,Tania Hossain,50,Male,Barishal,Barishal,HSC,Salaried,57200,Savings,311500,642,Business,547000,120,8.64,4950,4,No,22,0
DB01553,Mariya Islam,58,Female,Khulna,Bagerhat,Graduate,Self-employed,69200,Savings,473900,594,Business,753000,60,10.96,13930,0,No,13,1
DB01554,Tanvir Khan,28,Male,Mymensingh,Mymensingh,Masters,Government,35500,Salary,72600,802,Business,1308000,36,11.27,40430,1,Yes,21,1
DB01555,Rafi Hasan,36,Female,Dhaka,Dhaka,Graduate,Salaried,93800,Savings,849700,659,Auto,880000,84,8.33,11350,1,No,19,0
DB01556,Nusrat Khan,34,Male,Rangpur,Rangpur,Graduate,Government,78700,Salary,944000,721,Personal,473000,180,10.23,2900,4,Yes,22,0
DB01557,Fahim Khan,42,Male,Rajshahi,Rajshahi,HSC,Business,20400,Savings,210200,646,Home,1620000,48,9.54,36970,2,Yes,16,1
DB01558,Sadia Chowdhury,33,Male,Rangpur,Dinajpur,Masters,Self-employed,48100,Savings,153000,781,Personal,293000,36,12.01,9120,1,No,12,0
DB01559,Mim Hasan,47,Female,Rajshahi,Natore,SSC,Business,78500,Current,388600,765,Personal,491000,48,9.68,11220,3,No,18,0
DB01560,Ayesha Sultana,37,Male,Khulna,Khulna,Graduate,Other,77800,Salary,461700,700,Home,1559000,12,11.65,145050,0,No,17,0
